Key*,LULC,rmax,rmaxSD,K,KSD,TOF
1,SSA_Tropical rainforest_Shrubs,0.38,0.29,81,47,0
2,SSA_Tropical rainforest_Herbaceous vegetation,0.31,0.24,97,54,0
3,SSA_Tropical rainforest_Agriculture,0.55,0.43,55,43,0
4,SSA_Tropical rainforest_Urban built up,0,0,2,2,1
5,SSA_Tropical rainforest_Bare sparse vegetation,0,0,0.3485,0.1742,1
6,SSA_Tropical rainforest_Permanent water bodies,0,0,10,10,1
7,SSA_Tropical rainforest_Herbaceous wetland,0.15,0.12,201,50,0
8,SSA_Tropical rainforest_Closed forest evergreen broad leaf,0.08,0.06,401,25,0
9,SSA_Tropical rainforest_Closed forest deciduous broad leaf,0.17,0.13,178,46,0
10,SSA_Tropical rainforest_Closed forest mixed,0.26,0.2,118,0,0
11,SSA_Tropical rainforest_Closed forest undefined,0.09,0.07,346,18,0
12,SSA_Tropical rainforest_Open forest evergreen broad leaf,0.13,0.1,243,32,0
13,SSA_Tropical rainforest_Open forest deciduous broad leaf,0.24,0.18,128,37,0
14,SSA_Tropical rainforest_Open forest mixed,0.53,0.41,57,0,0
15,SSA_Tropical rainforest_Open forest undefined,0.16,0.13,188,45,0
16,SSA_Tropical rainforest_Oceans seas,0,0,10,10,1
17,SSA_Tropical moist forest_Shrubs,0.26,0.09,45,21,0
18,SSA_Tropical moist forest_Herbaceous vegetation,0.21,0.07,55,19,0
19,SSA_Tropical moist forest_Agriculture,0.31,0.11,38,16,0
20,SSA_Tropical moist forest_Urban built up,0,0,2,2,1
21,SSA_Tropical moist forest_Bare sparse vegetation,0,0,0.4775,0.2387,1
22,SSA_Tropical moist forest_Permanent water bodies,0,0,10,10,1
23,SSA_Tropical moist forest_Herbaceous wetland,0.18,0.06,64,21,0
24,SSA_Tropical moist forest_Closed forest evergreen broad leaf,0.04,0.01,326,19,0
25,SSA_Tropical moist forest_Closed forest deciduous broad leaf,0.08,0.03,138,21,0
26,SSA_Tropical moist forest_Closed forest mixed,0.13,0.05,87,0,0
27,SSA_Tropical moist forest_Closed forest undefined,0.09,0.03,128,29,0
28,SSA_Tropical moist forest_Open forest evergreen broad leaf,0.06,0.02,188,27,0
29,SSA_Tropical moist forest_Open forest deciduous broad leaf,0.12,0.04,95,19,0
30,SSA_Tropical moist forest_Open forest mixed,0.13,0.04,89,10,0
31,SSA_Tropical moist forest_Open forest undefined,0.15,0.05,76,25,0
32,SSA_Tropical moist forest_Oceans seas,0,0,10,10,1
33,SSA_Tropical dry forest_Shrubs,0.43,0.39,36,10,0
34,SSA_Tropical dry forest_Herbaceous vegetation,0.42,0.38,37,27,0
35,SSA_Tropical dry forest_Agriculture,0.45,0.4,35,12,0
36,SSA_Tropical dry forest_Urban built up,0,0,2,2,1
37,SSA_Tropical dry forest_Bare sparse vegetation,0,0,0.0343,0.0171,1
38,SSA_Tropical dry forest_Permanent water bodies,0,0,10,10,1
39,SSA_Tropical dry forest_Herbaceous wetland,0.31,0.28,51,39,0
40,SSA_Tropical dry forest_Closed forest evergreen broad leaf,0.05,0.04,313,17,0
41,SSA_Tropical dry forest_Closed forest deciduous broad leaf,0.11,0.1,147,30,0
42,SSA_Tropical dry forest_Closed forest mixed,0.18,0.16,86,32,0
43,SSA_Tropical dry forest_Closed forest undefined,0.1,0.09,153,54,0
44,SSA_Tropical dry forest_Open forest evergreen broad leaf,0.09,0.08,180,26,0
45,SSA_Tropical dry forest_Open forest deciduous broad leaf,0.2,0.18,79,15,0
46,SSA_Tropical dry forest_Open forest mixed,0.21,0.19,74,10,0
47,SSA_Tropical dry forest_Open forest undefined,0.24,0.21,66,21,0
48,SSA_Tropical dry forest_Oceans seas,0,0,10,10,1
49,SSA_Tropical shrubland_Shrubs,0.16,0.14,23,11,0
50,SSA_Tropical shrubland_Herbaceous vegetation,0.22,0.2,16,8,0
51,SSA_Tropical shrubland_Agriculture,0.18,0.16,20,8,0
52,SSA_Tropical shrubland_Urban built up,0,0,2,2,1
53,SSA_Tropical shrubland_Bare sparse vegetation,0,0,0.0011,6e-04,1
54,SSA_Tropical shrubland_Permanent water bodies,0,0,10,10,1
55,SSA_Tropical shrubland_Herbaceous wetland,0.15,0.14,24,13,0
56,SSA_Tropical shrubland_Closed forest evergreen broad leaf,0.02,0.01,234,30,0
57,SSA_Tropical shrubland_Closed forest deciduous broad leaf,0.03,0.03,117,21,0
58,SSA_Tropical shrubland_Closed forest undefined,0.03,0.03,104,37,0
59,SSA_Tropical shrubland_Open forest evergreen broad leaf,0.03,0.02,132,19,0
60,SSA_Tropical shrubland_Open forest deciduous broad leaf,0.06,0.05,63,13,0
61,SSA_Tropical shrubland_Open forest undefined,0.07,0.07,49,22,0
62,SSA_Tropical shrubland_Oceans seas,0,0,10,10,1
63,SSA_Tropical desert_Shrubs,0.025,0.0125,25,6,0
64,SSA_Tropical desert_Herbaceous vegetation,0.025,0.0125,22,4,0
65,SSA_Tropical desert_Agriculture,0.025,0.0125,26,3,0
66,SSA_Tropical desert_Urban built up,0,0,2,2,1
67,SSA_Tropical desert_Bare sparse vegetation,0,0,0,0,1
68,SSA_Tropical desert_Permanent water bodies,0,0,10,10,1
69,SSA_Tropical desert_Herbaceous wetland,0.025,0.0125,28,8,0
70,SSA_Tropical desert_Moss and lichen,0.025,0.0125,8,0,0
71,SSA_Tropical desert_Closed forest deciduous broad leaf,0.025,0.0125,148,8,0
72,SSA_Tropical desert_Closed forest mixed,0.025,0.0125,4,0,0
73,SSA_Tropical desert_Closed forest undefined,0.025,0.0125,87,28,0
74,SSA_Tropical desert_Open forest deciduous broad leaf,0.025,0.0125,83,6,0
75,SSA_Tropical desert_Open forest undefined,0.025,0.0125,41,13,0
76,SSA_Tropical desert_Oceans seas,0,0,10,10,1
77,SSA_Tropical mountain system_Shrubs,0.73,0.91,30,26,0
78,SSA_Tropical mountain system_Herbaceous vegetation,0.5,0.62,44,28,0
79,SSA_Tropical mountain system_Agriculture,0.56,0.7,39,23,0
80,SSA_Tropical mountain system_Urban built up,0,0,2,2,1
81,SSA_Tropical mountain system_Bare sparse vegetation,0,0,0,0,1
82,SSA_Tropical mountain system_Snow and ice,0,0,0.0786,0.0393,1
83,SSA_Tropical mountain system_Permanent water bodies,0,0,10,10,1
84,SSA_Tropical mountain system_Herbaceous wetland,0.25,0.31,88,65,0
85,SSA_Tropical mountain system_Closed forest evergreen broad leaf,0.06,0.08,340,18,0
86,SSA_Tropical mountain system_Closed forest deciduous broad leaf,0.16,0.19,141,39,0
87,SSA_Tropical mountain system_Closed forest undefined,0.12,0.15,176,42,0
88,SSA_Tropical mountain system_Open forest evergreen broad leaf,0.14,0.18,153,33,0
89,SSA_Tropical mountain system_Open forest deciduous broad leaf,0.21,0.26,104,24,0
90,SSA_Tropical mountain system_Open forest undefined,0.27,0.33,82,31,0
91,SSA_Subtropical humid forest_Shrubs,0.14,0.12,74,14,0
92,SSA_Subtropical humid forest_Herbaceous vegetation,0.16,0.14,63,17,0
93,SSA_Subtropical humid forest_Agriculture,0.14,0.13,71,19,0
94,SSA_Subtropical humid forest_Urban built up,0,0,2,2,1
95,SSA_Subtropical humid forest_Bare sparse vegetation,0,0,0.1743,0.0872,1
96,SSA_Subtropical humid forest_Permanent water bodies,0,0,10,10,1
97,SSA_Subtropical humid forest_Herbaceous wetland,0.11,0.1,87,21,0
98,SSA_Subtropical humid forest_Closed forest evergreen broad leaf,0.05,0.04,205,25,0
99,SSA_Subtropical humid forest_Closed forest deciduous broad leaf,0.07,0.06,145,24,0
100,SSA_Subtropical humid forest_Closed forest mixed,0.06,0.05,171,5,0
101,SSA_Subtropical humid forest_Closed forest undefined,0.07,0.07,137,22,0
102,SSA_Subtropical humid forest_Open forest evergreen broad leaf,0.07,0.07,134,3,0
103,SSA_Subtropical humid forest_Open forest deciduous broad leaf,0.09,0.08,113,14,0
104,SSA_Subtropical humid forest_Open forest mixed,0.13,0.12,76,6,0
105,SSA_Subtropical humid forest_Open forest undefined,0.1,0.09,103,19,0
106,SSA_Subtropical humid forest_Oceans seas,0,0,10,10,1
107,SSA_Subtropical dry forest_Shrubs,0.18,0.17,52,14,0
108,SSA_Subtropical dry forest_Herbaceous vegetation,0.21,0.19,46,18,0
109,SSA_Subtropical dry forest_Agriculture,0.29,0.26,33,12,0
110,SSA_Subtropical dry forest_Urban built up,0,0,2,2,1
111,SSA_Subtropical dry forest_Bare sparse vegetation,0,0,0.0612,0.0306,1
112,SSA_Subtropical dry forest_Permanent water bodies,0,0,10,10,1
113,SSA_Subtropical dry forest_Herbaceous wetland,0.17,0.15,58,5,0
114,SSA_Subtropical dry forest_Closed forest evergreen broad leaf,0.05,0.04,194,26,0
115,SSA_Subtropical dry forest_Closed forest deciduous broad leaf,0.05,0.05,185,21,0
116,SSA_Subtropical dry forest_Closed forest mixed,0.18,0.16,53,0,0
117,SSA_Subtropical dry forest_Closed forest undefined,0.07,0.06,136,19,0
118,SSA_Subtropical dry forest_Open forest evergreen broad leaf,0.07,0.06,135,0,0
119,SSA_Subtropical dry forest_Open forest deciduous broad leaf,0.07,0.07,131,1,0
120,SSA_Subtropical dry forest_Open forest undefined,0.09,0.08,107,13,0
121,SSA_Subtropical dry forest_Oceans seas,0,0,10,10,1
122,SSA_Subtropical mountain system_Shrubs,0.24,0.22,41,21,0
123,SSA_Subtropical mountain system_Herbaceous vegetation,0.37,0.33,27,17,0
124,SSA_Subtropical mountain system_Agriculture,0.48,0.43,21,17,0
125,SSA_Subtropical mountain system_Urban built up,0,0,2,2,1
126,SSA_Subtropical mountain system_Bare sparse vegetation,0,0,0.2395,0.1197,1
127,SSA_Subtropical mountain system_Permanent water bodies,0,0,10,10,1
128,SSA_Subtropical mountain system_Herbaceous wetland,0.33,0.3,30,17,0
129,SSA_Subtropical mountain system_Closed forest evergreen broad leaf,0.06,0.06,157,12,0
130,SSA_Subtropical mountain system_Closed forest deciduous broad leaf,0.07,0.06,153,13,0
131,SSA_Subtropical mountain system_Closed forest undefined,0.08,0.07,121,15,0
132,SSA_Subtropical mountain system_Open forest deciduous broad leaf,0.09,0.08,112,19,0
133,SSA_Subtropical mountain system_Open forest undefined,0.11,0.1,88,20,0
134,SSA_Water_Shrubs,0.02,0.01,47,21,0
135,SSA_Water_Herbaceous vegetation,0.02,0.01,54,23,0
136,SSA_Water_Agriculture,0.02,0.01,47,20,0
137,SSA_Water_Urban built up,0,0,2,2,1
138,SSA_Water_Bare sparse vegetation,0,0,0.029,0.0145,1
139,SSA_Water_Permanent water bodies,0,0,10,10,1
140,SSA_Water_Herbaceous wetland,0.02,0.01,29,18,0
141,SSA_Water_Closed forest evergreen broad leaf,0.02,0.01,314,18,0
142,SSA_Water_Closed forest deciduous broad leaf,0.02,0.01,145,21,0
143,SSA_Water_Closed forest undefined,0.02,0.01,161,41,0
144,SSA_Water_Open forest evergreen broad leaf,0.02,0.01,109,0,0
145,SSA_Water_Open forest deciduous broad leaf,0.02,0.01,103,14,0
146,SSA_Water_Open forest undefined,0.02,0.01,88,21,0
147,LATAM_Tropical rainforest_Shrubs,0.18,0.08,132,32,0
148,LATAM_Tropical rainforest_Herbaceous vegetation,0.2,0.08,118,29,0
149,LATAM_Tropical rainforest_Agriculture,0.25,0.11,95,24,0
150,LATAM_Tropical rainforest_Urban built up,0,0,2,2,1
151,LATAM_Tropical rainforest_Bare sparse vegetation,0,0,2.0229,1.0114,1
152,LATAM_Tropical rainforest_Permanent water bodies,0,0,10,10,1
153,LATAM_Tropical rainforest_Herbaceous wetland,0.15,0.06,154,39,0
154,LATAM_Tropical rainforest_Closed forest evergreen broad leaf,0.06,0.03,388,35,0
155,LATAM_Tropical rainforest_Closed forest deciduous broad leaf,0.19,0.08,122,26,0
156,LATAM_Tropical rainforest_Closed forest mixed,0.12,0.05,204,30,0
157,LATAM_Tropical rainforest_Closed forest undefined,0.11,0.05,209,37,0
158,LATAM_Tropical rainforest_Open forest evergreen broad leaf,0.12,0.05,190,27,0
159,LATAM_Tropical rainforest_Open forest deciduous broad leaf,0.26,0.11,92,11,0
160,LATAM_Tropical rainforest_Open forest mixed,0.12,0.05,200,17,0
161,LATAM_Tropical rainforest_Open forest undefined,0.15,0.06,162,31,0
162,LATAM_Tropical rainforest_Oceans seas,0,0,10,10,1
163,LATAM_Tropical moist forest_Shrubs,0.36,0.16,57,15,0
164,LATAM_Tropical moist forest_Herbaceous vegetation,0.35,0.15,60,18,0
165,LATAM_Tropical moist forest_Agriculture,0.35,0.16,59,17,0
166,LATAM_Tropical moist forest_Urban built up,0,0,2,2,1
167,LATAM_Tropical moist forest_Bare sparse vegetation,0,0,0.3677,0.1839,1
168,LATAM_Tropical moist forest_Permanent water bodies,0,0,10,10,1
169,LATAM_Tropical moist forest_Herbaceous wetland,0.27,0.12,78,23,0
170,LATAM_Tropical moist forest_Closed forest evergreen needle leaf,0.28,0.12,74,0,0
171,LATAM_Tropical moist forest_Closed forest evergreen broad leaf,0.07,0.03,291,53,0
172,LATAM_Tropical moist forest_Closed forest deciduous broad leaf,0.15,0.07,139,15,0
173,LATAM_Tropical moist forest_Closed forest mixed,0.13,0.06,164,12,0
174,LATAM_Tropical moist forest_Closed forest undefined,0.21,0.09,100,25,0
175,LATAM_Tropical moist forest_Open forest evergreen broad leaf,0.17,0.07,126,24,0
176,LATAM_Tropical moist forest_Open forest deciduous broad leaf,0.22,0.1,93,12,0
177,LATAM_Tropical moist forest_Open forest mixed,0.36,0.16,58,0,0
178,LATAM_Tropical moist forest_Open forest undefined,0.26,0.11,80,21,0
179,LATAM_Tropical moist forest_Oceans seas,0,0,10,10,1
180,LATAM_Tropical dry forest_Shrubs,0.35,0.21,45,10,0
181,LATAM_Tropical dry forest_Herbaceous vegetation,0.29,0.18,54,14,0
182,LATAM_Tropical dry forest_Agriculture,0.32,0.2,49,13,0
183,LATAM_Tropical dry forest_Urban built up,0,0,2,2,1
184,LATAM_Tropical dry forest_Bare sparse vegetation,0,0,0.0857,0.0428,1
185,LATAM_Tropical dry forest_Permanent water bodies,0,0,10,10,1
186,LATAM_Tropical dry forest_Herbaceous wetland,0.25,0.15,62,22,0
187,LATAM_Tropical dry forest_Closed forest evergreen needle leaf,0.18,0.11,87,6,0
188,LATAM_Tropical dry forest_Closed forest evergreen broad leaf,0.1,0.06,154,19,0
189,LATAM_Tropical dry forest_Closed forest deciduous broad leaf,0.14,0.08,113,18,0
190,LATAM_Tropical dry forest_Closed forest mixed,0.12,0.07,133,23,0
191,LATAM_Tropical dry forest_Closed forest undefined,0.17,0.11,91,19,0
192,LATAM_Tropical dry forest_Open forest evergreen needle leaf,0.23,0.14,67,0,0
193,LATAM_Tropical dry forest_Open forest evergreen broad leaf,0.13,0.08,123,20,0
194,LATAM_Tropical dry forest_Open forest deciduous broad leaf,0.24,0.15,66,11,0
195,LATAM_Tropical dry forest_Open forest mixed,0.22,0.14,70,17,0
196,LATAM_Tropical dry forest_Open forest undefined,0.23,0.14,69,16,0
197,LATAM_Tropical dry forest_Oceans seas,0,0,10,10,1
198,LATAM_Tropical shrubland_Shrubs,0.41,0.37,39,13,0
199,LATAM_Tropical shrubland_Herbaceous vegetation,0.37,0.33,43,19,0
200,LATAM_Tropical shrubland_Agriculture,0.3,0.27,53,13,0
201,LATAM_Tropical shrubland_Urban built up,0,0,2,2,1
202,LATAM_Tropical shrubland_Bare sparse vegetation,0,0,0.0562,0.0281,1
203,LATAM_Tropical shrubland_Permanent water bodies,0,0,10,10,1
204,LATAM_Tropical shrubland_Herbaceous wetland,0.33,0.29,49,11,0
205,LATAM_Tropical shrubland_Closed forest evergreen broad leaf,0.09,0.08,173,18,0
206,LATAM_Tropical shrubland_Closed forest deciduous broad leaf,0.18,0.17,87,0,0
207,LATAM_Tropical shrubland_Closed forest undefined,0.12,0.11,134,13,0
208,LATAM_Tropical shrubland_Open forest evergreen broad leaf,0.16,0.14,102,35,0
209,LATAM_Tropical shrubland_Open forest deciduous broad leaf,0.3,0.27,54,0,0
210,LATAM_Tropical shrubland_Open forest undefined,0.16,0.14,102,14,0
211,LATAM_Tropical shrubland_Oceans seas,0,0,10,10,1
212,LATAM_Tropical desert_Shrubs,0.025,0.0125,25,5,0
213,LATAM_Tropical desert_Herbaceous vegetation,0.025,0.0125,26,4,0
214,LATAM_Tropical desert_Agriculture,0.025,0.0125,32,5,0
215,LATAM_Tropical desert_Urban built up,0,0,2,2,1
216,LATAM_Tropical desert_Bare sparse vegetation,0,0,0.0095,0.0048,1
217,LATAM_Tropical desert_Permanent water bodies,0,0,10,10,1
218,LATAM_Tropical desert_Herbaceous wetland,0.025,0.0125,16,0,0
219,LATAM_Tropical desert_Closed forest undefined,0.025,0.0125,48,14,0
220,LATAM_Tropical desert_Open forest evergreen broad leaf,0.025,0.0125,26,0,0
221,LATAM_Tropical desert_Open forest undefined,0.025,0.0125,25,18,0
222,LATAM_Tropical desert_Oceans seas,0,0,10,10,1
223,LATAM_Tropical mountain system_Shrubs,0.27,0.1,65,20,0
224,LATAM_Tropical mountain system_Herbaceous vegetation,0.29,0.1,61,20,0
225,LATAM_Tropical mountain system_Agriculture,0.24,0.09,74,27,0
226,LATAM_Tropical mountain system_Urban built up,0,0,2,2,1
227,LATAM_Tropical mountain system_Bare sparse vegetation,0,0,0.0192,0.0096,1
228,LATAM_Tropical mountain system_Snow and ice,0,0,0.0151,0.0076,1
229,LATAM_Tropical mountain system_Permanent water bodies,0,0,10,10,1
230,LATAM_Tropical mountain system_Herbaceous wetland,0.15,0.06,116,36,0
231,LATAM_Tropical mountain system_Closed forest evergreen needle leaf,0.13,0.05,132,11,0
232,LATAM_Tropical mountain system_Closed forest evergreen broad leaf,0.06,0.02,273,20,0
233,LATAM_Tropical mountain system_Closed forest deciduous broad leaf,0.11,0.04,163,8,0
234,LATAM_Tropical mountain system_Closed forest mixed,0.12,0.04,144,20,0
235,LATAM_Tropical mountain system_Closed forest undefined,0.11,0.04,161,26,0
236,LATAM_Tropical mountain system_Open forest evergreen needle leaf,0.2,0.07,89,15,0
237,LATAM_Tropical mountain system_Open forest evergreen broad leaf,0.12,0.05,142,23,0
238,LATAM_Tropical mountain system_Open forest deciduous broad leaf,0.19,0.07,93,12,0
239,LATAM_Tropical mountain system_Open forest mixed,0.17,0.06,104,14,0
240,LATAM_Tropical mountain system_Open forest undefined,0.17,0.06,106,26,0
241,LATAM_Subtropical humid forest_Shrubs,0.2,0.18,51,15,0
242,LATAM_Subtropical humid forest_Herbaceous vegetation,0.21,0.19,47,14,0
243,LATAM_Subtropical humid forest_Agriculture,0.23,0.21,43,14,0
244,LATAM_Subtropical humid forest_Urban built up,0,0,2,2,1
245,LATAM_Subtropical humid forest_Bare sparse vegetation,0,0,0.1017,0.0508,1
246,LATAM_Subtropical humid forest_Permanent water bodies,0,0,10,10,1
247,LATAM_Subtropical humid forest_Herbaceous wetland,0.24,0.21,42,18,0
248,LATAM_Subtropical humid forest_Closed forest evergreen broad leaf,0.07,0.06,151,12,0
249,LATAM_Subtropical humid forest_Closed forest deciduous broad leaf,0.1,0.09,97,11,0
250,LATAM_Subtropical humid forest_Closed forest undefined,0.1,0.09,96,18,0
251,LATAM_Subtropical humid forest_Open forest evergreen broad leaf,0.1,0.09,105,12,0
252,LATAM_Subtropical humid forest_Open forest deciduous broad leaf,0.11,0.1,88,10,0
253,LATAM_Subtropical humid forest_Open forest undefined,0.12,0.11,84,16,0
254,LATAM_Subtropical humid forest_Oceans seas,0,0,10,10,1
255,LATAM_Subtropical dry forest_Shrubs,0.59,0.53,27,0,0
256,LATAM_Subtropical dry forest_Herbaceous vegetation,0.18,0.17,87,4,0
257,LATAM_Subtropical dry forest_Agriculture,0.5,0.45,32,0,0
258,LATAM_Subtropical dry forest_Bare sparse vegetation,0,0,0.105,0.0525,1
259,LATAM_Subtropical dry forest_Snow and ice,0,0,0,0,1
260,LATAM_Subtropical dry forest_Permanent water bodies,0,0,10,10,1
261,LATAM_Subtropical dry forest_Closed forest evergreen broad leaf,0.11,0.1,140,10,0
262,LATAM_Subtropical dry forest_Closed forest deciduous broad leaf,0.16,0.14,102,0,0
263,LATAM_Subtropical dry forest_Closed forest undefined,0.15,0.13,110,0,0
264,LATAM_Subtropical dry forest_Open forest evergreen broad leaf,0.47,0.42,34,0,0
265,LATAM_Subtropical dry forest_Open forest undefined,0.37,0.33,43,0,0
266,LATAM_Subtropical steppe_Shrubs,0.94,0.85,17,9,0
267,LATAM_Subtropical steppe_Herbaceous vegetation,0.89,0.8,18,9,0
268,LATAM_Subtropical steppe_Agriculture,0.76,0.69,21,6,0
269,LATAM_Subtropical steppe_Urban built up,0,0,2,2,1
270,LATAM_Subtropical steppe_Bare sparse vegetation,0,0,0.0355,0.0177,1
271,LATAM_Subtropical steppe_Permanent water bodies,0,0,10,10,1
272,LATAM_Subtropical steppe_Herbaceous wetland,0.57,0.51,28,30,0
273,LATAM_Subtropical steppe_Closed forest evergreen needle leaf,0.21,0.19,76,10,0
274,LATAM_Subtropical steppe_Closed forest evergreen broad leaf,0.13,0.12,125,10,0
275,LATAM_Subtropical steppe_Closed forest deciduous broad leaf,0.15,0.14,104,5,0
276,LATAM_Subtropical steppe_Closed forest mixed,0.14,0.12,118,9,0
277,LATAM_Subtropical steppe_Closed forest undefined,0.2,0.18,82,9,0
278,LATAM_Subtropical steppe_Open forest evergreen needle leaf,0.33,0.29,49,8,0
279,LATAM_Subtropical steppe_Open forest evergreen broad leaf,0.19,0.17,84,6,0
280,LATAM_Subtropical steppe_Open forest deciduous broad leaf,0.29,0.26,56,14,0
281,LATAM_Subtropical steppe_Open forest mixed,0.38,0.34,42,7,0
282,LATAM_Subtropical steppe_Open forest undefined,0.32,0.29,50,13,0
283,LATAM_Subtropical steppe_Oceans seas,0,0,10,10,1
284,LATAM_Subtropical desert_Shrubs,0.02,0.01,21,12,0
285,LATAM_Subtropical desert_Herbaceous vegetation,0.02,0.01,15,5,0
286,LATAM_Subtropical desert_Agriculture,0.02,0.01,15,4,0
287,LATAM_Subtropical desert_Urban built up,0,0,2,2,1
288,LATAM_Subtropical desert_Bare sparse vegetation,0,0,0.0166,0.0083,1
289,LATAM_Subtropical desert_Permanent water bodies,0,0,10,10,1
290,LATAM_Subtropical desert_Herbaceous wetland,0.02,0.01,45,13,0
291,LATAM_Subtropical desert_Closed forest evergreen needle leaf,0.02,0.01,78,14,0
292,LATAM_Subtropical desert_Closed forest evergreen broad leaf,0.02,0.01,87,0,0
293,LATAM_Subtropical desert_Closed forest deciduous broad leaf,0.02,0.01,84,8,0
294,LATAM_Subtropical desert_Closed forest mixed,0.02,0.01,82,6,0
295,LATAM_Subtropical desert_Closed forest undefined,0.02,0.01,79,7,0
296,LATAM_Subtropical desert_Open forest evergreen needle leaf,0.02,0.01,66,6,0
297,LATAM_Subtropical desert_Open forest evergreen broad leaf,0.02,0.01,88,0,0
298,LATAM_Subtropical desert_Open forest deciduous broad leaf,0.02,0.01,63,14,0
299,LATAM_Subtropical desert_Open forest mixed,0.02,0.01,31,0,0
300,LATAM_Subtropical desert_Open forest undefined,0.02,0.01,72,12,0
301,LATAM_Subtropical desert_Oceans seas,0,0,10,10,1
302,LATAM_Subtropical mountain system_Shrubs,0.23,0.2,44,11,0
303,LATAM_Subtropical mountain system_Herbaceous vegetation,0.31,0.28,32,15,0
304,LATAM_Subtropical mountain system_Agriculture,0.19,0.17,53,16,0
305,LATAM_Subtropical mountain system_Urban built up,0,0,2,2,1
306,LATAM_Subtropical mountain system_Bare sparse vegetation,0,0,0.0097,0.0049,1
307,LATAM_Subtropical mountain system_Snow and ice,0,0,0,0,1
308,LATAM_Subtropical mountain system_Permanent water bodies,0,0,10,10,1
309,LATAM_Subtropical mountain system_Herbaceous wetland,0.18,0.16,57,11,0
310,LATAM_Subtropical mountain system_Closed forest evergreen needle leaf,0.09,0.08,107,23,0
311,LATAM_Subtropical mountain system_Closed forest evergreen broad leaf,0.06,0.06,154,18,0
312,LATAM_Subtropical mountain system_Closed forest deciduous broad leaf,0.12,0.11,84,11,0
313,LATAM_Subtropical mountain system_Closed forest mixed,0.08,0.07,124,15,0
314,LATAM_Subtropical mountain system_Closed forest undefined,0.11,0.1,93,13,0
315,LATAM_Subtropical mountain system_Open forest evergreen needle leaf,0.13,0.12,77,10,0
316,LATAM_Subtropical mountain system_Open forest evergreen broad leaf,0.07,0.07,135,13,0
317,LATAM_Subtropical mountain system_Open forest deciduous broad leaf,0.14,0.13,69,9,0
318,LATAM_Subtropical mountain system_Open forest mixed,0.14,0.13,69,8,0
319,LATAM_Subtropical mountain system_Open forest undefined,0.13,0.12,75,13,0
320,LATAM_Subtropical mountain system_Oceans seas,0,0,10,10,1
321,LATAM_Temperate oceanic forest_Shrubs,0.26,0.01,76,17,0
322,LATAM_Temperate oceanic forest_Herbaceous vegetation,0.21,0.01,95,43,0
323,LATAM_Temperate oceanic forest_Agriculture,0.2,0.01,100,9,0
324,LATAM_Temperate oceanic forest_Urban built up,0,0,2,2,1
325,LATAM_Temperate oceanic forest_Bare sparse vegetation,0,0,0.0931,0.0466,1
326,LATAM_Temperate oceanic forest_Snow and ice,0,0,0,0,1
327,LATAM_Temperate oceanic forest_Permanent water bodies,0,0,10,10,1
328,LATAM_Temperate oceanic forest_Herbaceous wetland,0.19,0.01,106,13,0
329,LATAM_Temperate oceanic forest_Closed forest evergreen broad leaf,0.11,0.01,182,49,0
330,LATAM_Temperate oceanic forest_Closed forest deciduous broad leaf,0.11,0.01,185,64,0
331,LATAM_Temperate oceanic forest_Closed forest mixed,0.1,0.01,191,1,0
332,LATAM_Temperate oceanic forest_Closed forest undefined,0.13,0.01,150,40,0
333,LATAM_Temperate oceanic forest_Open forest evergreen broad leaf,0.21,0.01,93,0,0
334,LATAM_Temperate oceanic forest_Open forest deciduous broad leaf,0.18,0.01,112,23,0
335,LATAM_Temperate oceanic forest_Open forest undefined,0.2,0.01,101,19,0
336,LATAM_Temperate oceanic forest_Oceans seas,0,0,10,10,1
337,LATAM_Temperate steppe_Shrubs,0.44,0.02,13,11,0
338,LATAM_Temperate steppe_Herbaceous vegetation,0.3,0.01,19,16,0
339,LATAM_Temperate steppe_Agriculture,0.17,0.01,34,19,0
340,LATAM_Temperate steppe_Urban built up,0,0,2,2,1
341,LATAM_Temperate steppe_Bare sparse vegetation,0,0,0.0075,0.0037,1
342,LATAM_Temperate steppe_Snow and ice,0,0,0,0,1
343,LATAM_Temperate steppe_Permanent water bodies,0,0,10,10,1
344,LATAM_Temperate steppe_Herbaceous wetland,0.15,0.01,38,21,0
345,LATAM_Temperate steppe_Closed forest evergreen broad leaf,0.04,0,144,18,0
346,LATAM_Temperate steppe_Closed forest deciduous broad leaf,0.03,0,170,14,0
347,LATAM_Temperate steppe_Closed forest mixed,0.03,0,172,0,0
348,LATAM_Temperate steppe_Closed forest undefined,0.06,0,102,19,0
349,LATAM_Temperate steppe_Open forest evergreen broad leaf,0.07,0,79,0,0
350,LATAM_Temperate steppe_Open forest deciduous broad leaf,0.08,0,74,8,0
351,LATAM_Temperate steppe_Open forest undefined,0.07,0,81,17,0
352,LATAM_Temperate steppe_Oceans seas,0,0,10,10,1
353,LATAM_Temperate mountain system_Shrubs,0.12,0,72,21,0
354,LATAM_Temperate mountain system_Herbaceous vegetation,0.11,0,73,19,0
355,LATAM_Temperate mountain system_Agriculture,0.09,0,96,14,0
356,LATAM_Temperate mountain system_Urban built up,0,0,2,2,1
357,LATAM_Temperate mountain system_Bare sparse vegetation,0,0,0.0269,0.0134,1
358,LATAM_Temperate mountain system_Snow and ice,0,0,0,0,1
359,LATAM_Temperate mountain system_Permanent water bodies,0,0,10,10,1
360,LATAM_Temperate mountain system_Herbaceous wetland,0.09,0,94,35,0
361,LATAM_Temperate mountain system_Closed forest evergreen broad leaf,0.04,0,189,18,0
362,LATAM_Temperate mountain system_Closed forest deciduous broad leaf,0.05,0,158,17,0
363,LATAM_Temperate mountain system_Closed forest mixed,0.04,0,228,11,0
364,LATAM_Temperate mountain system_Closed forest undefined,0.07,0,122,18,0
365,LATAM_Temperate mountain system_Open forest evergreen broad leaf,0.07,0,119,0,0
366,LATAM_Temperate mountain system_Open forest deciduous broad leaf,0.09,0,92,10,0
367,LATAM_Temperate mountain system_Open forest undefined,0.08,0,99,16,0
368,LATAM_Temperate mountain system_Oceans seas,0,0,10,10,1
369,LATAM_Water_Shrubs,0.02,0.01,72,0,0
370,LATAM_Water_Herbaceous vegetation,0.02,0.01,93,21,0
371,LATAM_Water_Agriculture,0.02,0.01,98,20,0
372,LATAM_Water_Urban built up,0,0,2,2,1
373,LATAM_Water_Permanent water bodies,0,0,10,10,1
374,LATAM_Water_Herbaceous wetland,0.02,0.01,127,24,0
375,LATAM_Water_Closed forest evergreen broad leaf,0.02,0.01,249,12,0
376,LATAM_Water_Closed forest deciduous broad leaf,0.02,0.01,57,0,0
377,LATAM_Water_Closed forest undefined,0.02,0.01,207,0,0
378,LATAM_Water_Open forest evergreen broad leaf,0.02,0.01,176,7,0
379,LATAM_Water_Open forest deciduous broad leaf,0.02,0.01,75,0,0
380,LATAM_Water_Open forest undefined,0.02,0.01,141,17,0
381,LATAM_Water_Oceans seas,0,0,10,10,1
382,ASIA_Tropical rainforest_Shrubs,0.11,0.12,128,31,0
383,ASIA_Tropical rainforest_Herbaceous vegetation,0.11,0.13,120,37,0
384,ASIA_Tropical rainforest_Agriculture,0.16,0.19,83,26,0
385,ASIA_Tropical rainforest_Urban built up,0,0,2,2,1
386,ASIA_Tropical rainforest_Bare sparse vegetation,0,0,0.2414,0.1207,1
387,ASIA_Tropical rainforest_Permanent water bodies,0,0,10,10,1
388,ASIA_Tropical rainforest_Herbaceous wetland,0.1,0.11,142,54,0
389,ASIA_Tropical rainforest_Closed forest evergreen needle leaf,0.05,0.06,267,30,0
390,ASIA_Tropical rainforest_Closed forest evergreen broad leaf,0.04,0.05,320,32,0
391,ASIA_Tropical rainforest_Closed forest deciduous broad leaf,0.07,0.08,195,31,0
392,ASIA_Tropical rainforest_Closed forest mixed,0.08,0.09,165,12,0
393,ASIA_Tropical rainforest_Closed forest undefined,0.05,0.06,282,34,0
394,ASIA_Tropical rainforest_Open forest evergreen needle leaf,0.08,0.09,180,41,0
395,ASIA_Tropical rainforest_Open forest evergreen broad leaf,0.09,0.1,154,38,0
396,ASIA_Tropical rainforest_Open forest deciduous broad leaf,0.12,0.14,112,24,0
397,ASIA_Tropical rainforest_Open forest mixed,0.15,0.17,93,0,0
398,ASIA_Tropical rainforest_Open forest undefined,0.1,0.11,141,47,0
399,ASIA_Tropical rainforest_Oceans seas,0,0,10,10,1
400,ASIA_Tropical moist forest_Shrubs,0.12,0.02,77,23,0
401,ASIA_Tropical moist forest_Herbaceous vegetation,0.12,0.01,82,27,0
402,ASIA_Tropical moist forest_Agriculture,0.17,0.02,57,24,0
403,ASIA_Tropical moist forest_Urban built up,0,0,2,2,1
404,ASIA_Tropical moist forest_Bare sparse vegetation,0,0,0.1542,0.0771,1
405,ASIA_Tropical moist forest_Permanent water bodies,0,0,10,10,1
406,ASIA_Tropical moist forest_Herbaceous wetland,0.09,0.01,103,28,0
407,ASIA_Tropical moist forest_Closed forest evergreen needle leaf,0.04,0.01,223,17,0
408,ASIA_Tropical moist forest_Closed forest evergreen broad leaf,0.04,0,254,23,0
409,ASIA_Tropical moist forest_Closed forest deciduous broad leaf,0.06,0.01,168,24,0
410,ASIA_Tropical moist forest_Closed forest mixed,0.06,0.01,149,19,0
411,ASIA_Tropical moist forest_Closed forest undefined,0.07,0.01,143,35,0
412,ASIA_Tropical moist forest_Open forest evergreen needle leaf,0.07,0.01,146,19,0
413,ASIA_Tropical moist forest_Open forest evergreen broad leaf,0.08,0.01,121,35,0
414,ASIA_Tropical moist forest_Open forest deciduous broad leaf,0.14,0.02,70,25,0
415,ASIA_Tropical moist forest_Open forest mixed,0.09,0.01,102,0,0
416,ASIA_Tropical moist forest_Open forest undefined,0.09,0.01,102,29,0
417,ASIA_Tropical moist forest_Oceans seas,0,0,10,10,1
418,ASIA_Tropical dry forest_Shrubs,0.5,0.45,31,11,0
419,ASIA_Tropical dry forest_Herbaceous vegetation,0.5,0.45,31,19,0
420,ASIA_Tropical dry forest_Agriculture,0.4,0.36,39,20,0
421,ASIA_Tropical dry forest_Urban built up,0,0,2,2,1
422,ASIA_Tropical dry forest_Bare sparse vegetation,0,0,0.1116,0.0558,1
423,ASIA_Tropical dry forest_Permanent water bodies,0,0,10,10,1
424,ASIA_Tropical dry forest_Herbaceous wetland,0.31,0.28,51,23,0
425,ASIA_Tropical dry forest_Closed forest evergreen needle leaf,0.08,0.08,187,16,0
426,ASIA_Tropical dry forest_Closed forest evergreen broad leaf,0.07,0.06,219,20,0
427,ASIA_Tropical dry forest_Closed forest deciduous broad leaf,0.15,0.13,104,19,0
428,ASIA_Tropical dry forest_Closed forest undefined,0.13,0.12,118,21,0
429,ASIA_Tropical dry forest_Open forest evergreen needle leaf,0.1,0.09,156,0,0
430,ASIA_Tropical dry forest_Open forest evergreen broad leaf,0.16,0.14,100,24,0
431,ASIA_Tropical dry forest_Open forest deciduous broad leaf,0.25,0.23,62,11,0
432,ASIA_Tropical dry forest_Open forest undefined,0.23,0.21,68,24,0
433,ASIA_Tropical dry forest_Oceans seas,0,0,10,10,1
434,ASIA_Tropical shrubland_Shrubs,0.67,0.6,21,14,0
435,ASIA_Tropical shrubland_Herbaceous vegetation,0.61,0.55,23,23,0
436,ASIA_Tropical shrubland_Agriculture,0.82,0.74,17,8,0
437,ASIA_Tropical shrubland_Urban built up,0,0,2,2,1
438,ASIA_Tropical shrubland_Bare sparse vegetation,0,0,0.0466,0.0233,1
439,ASIA_Tropical shrubland_Permanent water bodies,0,0,10,10,1
440,ASIA_Tropical shrubland_Herbaceous wetland,0.5,0.45,28,38,0
441,ASIA_Tropical shrubland_Closed forest evergreen needle leaf,0.11,0.1,126,10,0
442,ASIA_Tropical shrubland_Closed forest evergreen broad leaf,0.05,0.05,265,43,0
443,ASIA_Tropical shrubland_Closed forest deciduous broad leaf,0.19,0.17,75,16,0
444,ASIA_Tropical shrubland_Closed forest undefined,0.17,0.15,82,43,0
445,ASIA_Tropical shrubland_Open forest evergreen needle leaf,0.23,0.21,60,0,0
446,ASIA_Tropical shrubland_Open forest evergreen broad leaf,0.12,0.11,114,66,0
447,ASIA_Tropical shrubland_Open forest deciduous broad leaf,0.3,0.27,46,11,0
448,ASIA_Tropical shrubland_Open forest undefined,0.26,0.23,54,32,0
449,ASIA_Tropical shrubland_Oceans seas,0,0,10,10,1
450,ASIA_Tropical desert_Shrubs,0.025,0.0125,7,6,0
451,ASIA_Tropical desert_Herbaceous vegetation,0.025,0.0125,9,7,0
452,ASIA_Tropical desert_Agriculture,0.025,0.0125,10,3,0
453,ASIA_Tropical desert_Urban built up,0,0,2,2,1
454,ASIA_Tropical desert_Bare sparse vegetation,0,0,0.0024,0.0012,1
455,ASIA_Tropical desert_Permanent water bodies,0,0,10,10,1
456,ASIA_Tropical desert_Herbaceous wetland,0.025,0.0125,19,6,0
457,ASIA_Tropical desert_Closed forest undefined,0.025,0.0125,37,5,0
458,ASIA_Tropical desert_Open forest undefined,0.025,0.0125,24,6,0
459,ASIA_Tropical desert_Oceans seas,0,0,10,10,1
460,ASIA_Tropical mountain system_Shrubs,0.08,0,145,37,0
461,ASIA_Tropical mountain system_Herbaceous vegetation,0.07,0,178,43,0
462,ASIA_Tropical mountain system_Agriculture,0.12,0,98,30,0
463,ASIA_Tropical mountain system_Urban built up,0,0,2,2,1
464,ASIA_Tropical mountain system_Bare sparse vegetation,0,0,0.7939,0.397,1
465,ASIA_Tropical mountain system_Snow and ice,0,0,0.5,0.25,1
466,ASIA_Tropical mountain system_Permanent water bodies,0,0,10,10,1
467,ASIA_Tropical mountain system_Herbaceous wetland,0.04,0,303,36,0
468,ASIA_Tropical mountain system_Closed forest evergreen needle leaf,0.04,0,330,17,0
469,ASIA_Tropical mountain system_Closed forest evergreen broad leaf,0.04,0,320,27,0
470,ASIA_Tropical mountain system_Closed forest deciduous broad leaf,0.07,0,175,19,0
471,ASIA_Tropical mountain system_Closed forest mixed,0.07,0,169,15,0
472,ASIA_Tropical mountain system_Closed forest undefined,0.03,0,338,31,0
473,ASIA_Tropical mountain system_Open forest evergreen needle leaf,0.05,0,245,22,0
474,ASIA_Tropical mountain system_Open forest evergreen broad leaf,0.06,0,179,37,0
475,ASIA_Tropical mountain system_Open forest deciduous broad leaf,0.08,0,145,23,0
476,ASIA_Tropical mountain system_Open forest mixed,0.06,0,196,0,0
477,ASIA_Tropical mountain system_Open forest undefined,0.06,0,197,50,0
478,ASIA_Subtropical humid forest_Shrubs,0.11,0.04,91,28,0
479,ASIA_Subtropical humid forest_Herbaceous vegetation,0.12,0.04,86,43,0
480,ASIA_Subtropical humid forest_Agriculture,0.14,0.04,73,16,0
481,ASIA_Subtropical humid forest_Urban built up,0,0,2,2,1
482,ASIA_Subtropical humid forest_Bare sparse vegetation,0,0,0.1507,0.0754,1
483,ASIA_Subtropical humid forest_Permanent water bodies,0,0,10,10,1
484,ASIA_Subtropical humid forest_Herbaceous wetland,0.18,0.06,56,21,0
485,ASIA_Subtropical humid forest_Closed forest evergreen needle leaf,0.05,0.02,188,26,0
486,ASIA_Subtropical humid forest_Closed forest evergreen broad leaf,0.07,0.02,151,17,0
487,ASIA_Subtropical humid forest_Closed forest deciduous broad leaf,0.03,0.01,297,12,0
488,ASIA_Subtropical humid forest_Closed forest mixed,0.04,0.01,229,24,0
489,ASIA_Subtropical humid forest_Closed forest undefined,0.06,0.02,169,26,0
490,ASIA_Subtropical humid forest_Open forest evergreen needle leaf,0.05,0.01,214,23,0
491,ASIA_Subtropical humid forest_Open forest evergreen broad leaf,0.09,0.03,110,15,0
492,ASIA_Subtropical humid forest_Open forest deciduous broad leaf,0.05,0.02,197,28,0
493,ASIA_Subtropical humid forest_Open forest mixed,0.11,0.04,89,0,0
494,ASIA_Subtropical humid forest_Open forest undefined,0.09,0.03,111,28,0
495,ASIA_Subtropical humid forest_Oceans seas,0,0,10,10,1
496,ASIA_Subtropical dry forest_Shrubs,0.68,0.62,38,13,0
497,ASIA_Subtropical dry forest_Herbaceous vegetation,0.96,0.87,27,16,0
498,ASIA_Subtropical dry forest_Agriculture,1.18,1.06,22,14,0
499,ASIA_Subtropical dry forest_Urban built up,0,0,2,2,1
500,ASIA_Subtropical dry forest_Bare sparse vegetation,0,0,0.0332,0.0166,1
501,ASIA_Subtropical dry forest_Permanent water bodies,0,0,10,10,1
502,ASIA_Subtropical dry forest_Herbaceous wetland,0.41,0.37,63,21,0
503,ASIA_Subtropical dry forest_Closed forest evergreen needle leaf,0.22,0.2,119,23,0
504,ASIA_Subtropical dry forest_Closed forest deciduous broad leaf,0.13,0.11,205,11,0
505,ASIA_Subtropical dry forest_Closed forest mixed,0.13,0.12,200,14,0
506,ASIA_Subtropical dry forest_Closed forest undefined,0.27,0.24,96,22,0
507,ASIA_Subtropical dry forest_Open forest evergreen needle leaf,0.37,0.33,70,17,0
508,ASIA_Subtropical dry forest_Open forest deciduous broad leaf,1.73,1.56,15,0,0
509,ASIA_Subtropical dry forest_Open forest undefined,0.4,0.36,65,18,0
510,ASIA_Subtropical dry forest_Oceans seas,0,0,10,10,1
511,ASIA_Subtropical steppe_Shrubs,0.61,0.55,23,19,0
512,ASIA_Subtropical steppe_Herbaceous vegetation,0.88,0.79,16,25,0
513,ASIA_Subtropical steppe_Agriculture,1.56,1.4,9,16,0
514,ASIA_Subtropical steppe_Urban built up,0,0,2,2,1
515,ASIA_Subtropical steppe_Bare sparse vegetation,0,0,0,0,1
516,ASIA_Subtropical steppe_Permanent water bodies,0,0,10,10,1
517,ASIA_Subtropical steppe_Herbaceous wetland,0.4,0.36,35,30,0
518,ASIA_Subtropical steppe_Closed forest evergreen needle leaf,0.06,0.05,233,20,0
519,ASIA_Subtropical steppe_Closed forest evergreen broad leaf,0.05,0.05,257,10,0
520,ASIA_Subtropical steppe_Closed forest deciduous broad leaf,0.13,0.12,104,0,0
521,ASIA_Subtropical steppe_Closed forest mixed,14,12.6,1,0,0
522,ASIA_Subtropical steppe_Closed forest undefined,0.13,0.12,109,42,0
523,ASIA_Subtropical steppe_Open forest evergreen needle leaf,0.09,0.08,160,34,0
524,ASIA_Subtropical steppe_Open forest evergreen broad leaf,0.08,0.07,170,52,0
525,ASIA_Subtropical steppe_Open forest deciduous broad leaf,0.33,0.29,43,14,0
526,ASIA_Subtropical steppe_Open forest mixed,0.19,0.17,73,0,0
527,ASIA_Subtropical steppe_Open forest undefined,0.16,0.15,85,37,0
528,ASIA_Subtropical steppe_Oceans seas,0,0,10,10,1
529,ASIA_Subtropical desert_Shrubs,0.02,0.01,9,7,0
530,ASIA_Subtropical desert_Herbaceous vegetation,0.02,0.01,7,7,0
531,ASIA_Subtropical desert_Agriculture,0.02,0.01,4,5,0
532,ASIA_Subtropical desert_Urban built up,0,0,2,2,1
533,ASIA_Subtropical desert_Bare sparse vegetation,0,0,0,0,1
534,ASIA_Subtropical desert_Permanent water bodies,0,0,10,10,1
535,ASIA_Subtropical desert_Herbaceous wetland,0.02,0.01,25,5,0
536,ASIA_Subtropical desert_Closed forest undefined,0.02,0.01,20,4,0
537,ASIA_Subtropical desert_Open forest undefined,0.02,0.01,13,3,0
538,ASIA_Subtropical desert_Oceans seas,0,0,10,10,1
539,ASIA_Subtropical mountain system_Shrubs,0.13,0,75,43,0
540,ASIA_Subtropical mountain system_Herbaceous vegetation,0.27,0,37,45,0
541,ASIA_Subtropical mountain system_Agriculture,0.17,0,59,27,0
542,ASIA_Subtropical mountain system_Urban built up,0,0,2,2,1
543,ASIA_Subtropical mountain system_Bare sparse vegetation,0,0,0.0069,0.0034,1
544,ASIA_Subtropical mountain system_Snow and ice,0,0,0,0,1
545,ASIA_Subtropical mountain system_Permanent water bodies,0,0,10,10,1
546,ASIA_Subtropical mountain system_Herbaceous wetland,0.07,0,143,37,0
547,ASIA_Subtropical mountain system_Moss and lichen,0.43,0.01,23,0,0
548,ASIA_Subtropical mountain system_Closed forest evergreen needle leaf,0.04,0,265,23,0
549,ASIA_Subtropical mountain system_Closed forest evergreen broad leaf,0.05,0,221,34,0
550,ASIA_Subtropical mountain system_Closed forest deciduous broad leaf,0.04,0,251,16,0
551,ASIA_Subtropical mountain system_Closed forest mixed,0.04,0,249,11,0
552,ASIA_Subtropical mountain system_Closed forest undefined,0.05,0,204,30,0
553,ASIA_Subtropical mountain system_Open forest evergreen needle leaf,0.05,0,196,32,0
554,ASIA_Subtropical mountain system_Open forest evergreen broad leaf,0.08,0,118,31,0
555,ASIA_Subtropical mountain system_Open forest deciduous broad leaf,0.05,0,186,21,0
556,ASIA_Subtropical mountain system_Open forest mixed,0.05,0,212,74,0
557,ASIA_Subtropical mountain system_Open forest undefined,0.06,0,154,38,0
558,ASIA_Subtropical mountain system_Oceans seas,0,0,10,10,1
559,ASIA_Temperate continental forest_Shrubs,0.19,0,42,20,0
560,ASIA_Temperate continental forest_Herbaceous vegetation,0.15,0,53,22,0
561,ASIA_Temperate continental forest_Agriculture,0.18,0,45,14,0
562,ASIA_Temperate continental forest_Urban built up,0,0,2,2,1
563,ASIA_Temperate continental forest_Bare sparse vegetation,0,0,0.0941,0.047,1
564,ASIA_Temperate continental forest_Permanent water bodies,0,0,10,10,1
565,ASIA_Temperate continental forest_Herbaceous wetland,0.2,0,40,18,0
566,ASIA_Temperate continental forest_Closed forest evergreen needle leaf,0.05,0,166,42,0
567,ASIA_Temperate continental forest_Closed forest evergreen broad leaf,0.06,0,123,12,0
568,ASIA_Temperate continental forest_Closed forest deciduous needle leaf,0.06,0,132,12,0
569,ASIA_Temperate continental forest_Closed forest deciduous broad leaf,0.05,0,145,38,0
570,ASIA_Temperate continental forest_Closed forest mixed,0.04,0,180,36,0
571,ASIA_Temperate continental forest_Closed forest undefined,0.07,0,116,33,0
572,ASIA_Temperate continental forest_Open forest evergreen needle leaf,0.08,0,93,49,0
573,ASIA_Temperate continental forest_Open forest evergreen broad leaf,0.09,0,84,18,0
574,ASIA_Temperate continental forest_Open forest deciduous needle leaff,0.07,0,120,0,0
575,ASIA_Temperate continental forest_Open forest deciduous broad leaf,0.09,0,89,17,0
576,ASIA_Temperate continental forest_Open forest mixed,0.39,0,20,0,0
577,ASIA_Temperate continental forest_Open forest undefined,0.1,0,80,24,0
578,ASIA_Temperate continental forest_Oceans seas,0,0,10,10,1
579,ASIA_Temperate steppe_Shrubs,0.0165,0.0082,22,20,0
580,ASIA_Temperate steppe_Herbaceous vegetation,0.0165,0.0082,14,13,0
581,ASIA_Temperate steppe_Agriculture,0.0165,0.0082,24,7,0
582,ASIA_Temperate steppe_Urban built up,0,0,2,2,1
583,ASIA_Temperate steppe_Bare sparse vegetation,0,0,0.0121,0.006,1
584,ASIA_Temperate steppe_Permanent water bodies,0,0,10,10,1
585,ASIA_Temperate steppe_Herbaceous wetland,0.0165,0.0082,24,11,0
586,ASIA_Temperate steppe_Closed forest evergreen needle leaf,0.0165,0.0082,147,10,0
587,ASIA_Temperate steppe_Closed forest deciduous needle leaf,0.0165,0.0082,118,10,0
588,ASIA_Temperate steppe_Closed forest deciduous broad leaf,0.0165,0.0082,120,21,0
589,ASIA_Temperate steppe_Closed forest mixed,0.0165,0.0082,141,12,0
590,ASIA_Temperate steppe_Closed forest undefined,0.0165,0.0082,100,10,0
591,ASIA_Temperate steppe_Open forest evergreen needle leaf,0.0165,0.0082,131,8,0
592,ASIA_Temperate steppe_Open forest deciduous needle leaff,0.0165,0.0082,97,10,0
593,ASIA_Temperate steppe_Open forest deciduous broad leaf,0.0165,0.0082,103,10,0
594,ASIA_Temperate steppe_Open forest mixed,0.0165,0.0082,74,8,0
595,ASIA_Temperate steppe_Open forest undefined,0.0165,0.0082,86,16,0
596,ASIA_Temperate desert_Shrubs,0.0165,0.0082,5,7,0
597,ASIA_Temperate desert_Herbaceous vegetation,0.0165,0.0082,10,8,0
598,ASIA_Temperate desert_Agriculture,0.0165,0.0082,11,5,0
599,ASIA_Temperate desert_Urban built up,0,0,2,2,1
600,ASIA_Temperate desert_Bare sparse vegetation,0,0,6e-04,3e-04,1
601,ASIA_Temperate desert_Snow and ice,0,0,0,0,1
602,ASIA_Temperate desert_Permanent water bodies,0,0,10,10,1
603,ASIA_Temperate desert_Herbaceous wetland,0.0165,0.0082,22,16,0
604,ASIA_Temperate desert_Closed forest evergreen needle leaf,0.0165,0.0082,131,9,0
605,ASIA_Temperate desert_Closed forest deciduous needle leaf,0.0165,0.0082,81,18,0
606,ASIA_Temperate desert_Closed forest deciduous broad leaf,0.0165,0.0082,196,15,0
607,ASIA_Temperate desert_Closed forest mixed,0.0165,0.0082,49,0,0
608,ASIA_Temperate desert_Closed forest undefined,0.0165,0.0082,75,22,0
609,ASIA_Temperate desert_Open forest evergreen needle leaf,0.0165,0.0082,125,9,0
610,ASIA_Temperate desert_Open forest deciduous broad leaf,0.0165,0.0082,94,0,0
611,ASIA_Temperate desert_Open forest undefined,0.0165,0.0082,81,16,0
612,ASIA_Temperate mountain system_Shrubs,0.15,0,56,25,0
613,ASIA_Temperate mountain system_Herbaceous vegetation,0.4,0,21,26,0
614,ASIA_Temperate mountain system_Agriculture,0.33,0,25,16,0
615,ASIA_Temperate mountain system_Urban built up,0,0,2,2,1
616,ASIA_Temperate mountain system_Bare sparse vegetation,0,0,0.003,0.0015,1
617,ASIA_Temperate mountain system_Snow and ice,0,0,0,0,1
618,ASIA_Temperate mountain system_Permanent water bodies,0,0,10,10,1
619,ASIA_Temperate mountain system_Herbaceous wetland,0.15,0,54,34,0
620,ASIA_Temperate mountain system_Moss and lichen,1.39,0.01,6,0,0
621,ASIA_Temperate mountain system_Closed forest evergreen needle leaf,0.04,0,221,22,0
622,ASIA_Temperate mountain system_Closed forest evergreen broad leaf,0.04,0,209,19,0
623,ASIA_Temperate mountain system_Closed forest deciduous needle leaf,0.09,0,98,17,0
624,ASIA_Temperate mountain system_Closed forest deciduous broad leaf,0.03,0,248,16,0
625,ASIA_Temperate mountain system_Closed forest mixed,0.03,0,288,9,0
626,ASIA_Temperate mountain system_Closed forest undefined,0.08,0,106,41,0
627,ASIA_Temperate mountain system_Open forest evergreen needle leaf,0.06,0,131,30,0
628,ASIA_Temperate mountain system_Open forest evergreen broad leaf,0.07,0,120,24,0
629,ASIA_Temperate mountain system_Open forest deciduous needle leaff,0.1,0,81,13,0
630,ASIA_Temperate mountain system_Open forest deciduous broad leaf,0.07,0,112,48,0
631,ASIA_Temperate mountain system_Open forest mixed,0.05,0,173,0,0
632,ASIA_Temperate mountain system_Open forest undefined,0.09,0,91,34,0
633,ASIA_Temperate mountain system_Oceans seas,0,0,10,10,1
634,ASIA_Boreal coniferous forest_Shrubs,0.1,0.09,42,0,0
635,ASIA_Boreal coniferous forest_Herbaceous vegetation,0.07,0.07,59,9,0
636,ASIA_Boreal coniferous forest_Agriculture,0.1,0.09,46,8,0
637,ASIA_Boreal coniferous forest_Urban built up,0,0,2,2,1
638,ASIA_Boreal coniferous forest_Bare sparse vegetation,0,0,0.2516,0.1258,1
639,ASIA_Boreal coniferous forest_Permanent water bodies,0,0,10,10,1
640,ASIA_Boreal coniferous forest_Herbaceous wetland,0.08,0.07,55,11,0
641,ASIA_Boreal coniferous forest_Closed forest evergreen needle leaf,0.03,0.03,141,7,0
642,ASIA_Boreal coniferous forest_Closed forest deciduous needle leaf,0.04,0.04,109,9,0
643,ASIA_Boreal coniferous forest_Closed forest deciduous broad leaf,0.04,0.04,101,5,0
644,ASIA_Boreal coniferous forest_Closed forest mixed,0.03,0.03,131,8,0
645,ASIA_Boreal coniferous forest_Closed forest undefined,0.05,0.05,88,10,0
646,ASIA_Boreal coniferous forest_Open forest deciduous needle leaff,0.06,0.05,76,15,0
647,ASIA_Boreal coniferous forest_Open forest deciduous broad leaf,0.06,0.06,71,9,0
648,ASIA_Boreal coniferous forest_Open forest undefined,0.07,0.06,64,11,0
649,ASIA_Boreal mountain system_Shrubs,0.09,0.08,59,12,0
650,ASIA_Boreal mountain system_Herbaceous vegetation,0.11,0.1,48,13,0
651,ASIA_Boreal mountain system_Agriculture,0.24,0.21,22,9,0
652,ASIA_Boreal mountain system_Urban built up,0,0,2,2,1
653,ASIA_Boreal mountain system_Bare sparse vegetation,0,0,0.0323,0.0162,1
654,ASIA_Boreal mountain system_Snow and ice,0,0,0,0,1
655,ASIA_Boreal mountain system_Permanent water bodies,0,0,10,10,1
656,ASIA_Boreal mountain system_Herbaceous wetland,0.09,0.09,55,26,0
657,ASIA_Boreal mountain system_Closed forest evergreen needle leaf,0.03,0.03,152,9,0
658,ASIA_Boreal mountain system_Closed forest deciduous needle leaf,0.05,0.04,109,10,0
659,ASIA_Boreal mountain system_Closed forest deciduous broad leaf,0.04,0.03,136,6,0
660,ASIA_Boreal mountain system_Closed forest mixed,0.03,0.03,161,6,0
661,ASIA_Boreal mountain system_Closed forest undefined,0.06,0.06,82,12,0
662,ASIA_Boreal mountain system_Open forest evergreen needle leaf,0.04,0.04,120,8,0
663,ASIA_Boreal mountain system_Open forest deciduous needle leaff,0.07,0.06,77,11,0
664,ASIA_Boreal mountain system_Open forest deciduous broad leaf,0.04,0.04,122,8,0
665,ASIA_Boreal mountain system_Open forest undefined,0.05,0.05,104,10,0
666,ASIA_Water_Shrubs,0.02,0.01,23,32,0
667,ASIA_Water_Herbaceous vegetation,0.02,0.01,16,10,0
668,ASIA_Water_Agriculture,0.02,0.01,11,6,0
669,ASIA_Water_Urban built up,0,0,2,2,1
670,ASIA_Water_Bare sparse vegetation,0,0,0,0,1
671,ASIA_Water_Permanent water bodies,0,0,10,10,1
672,ASIA_Water_Herbaceous wetland,0.02,0.01,30,16,0
673,ASIA_Water_Closed forest evergreen needle leaf,0.02,0.01,88,17,0
674,ASIA_Water_Closed forest deciduous needle leaf,0.02,0.01,90,0,0
675,ASIA_Water_Closed forest deciduous broad leaf,0.02,0.01,221,0,0
676,ASIA_Water_Closed forest mixed,0.02,0.01,35,0,0
677,ASIA_Water_Closed forest undefined,0.02,0.01,63,29,0
678,ASIA_Water_Open forest evergreen needle leaf,0.02,0.01,49,3,0
679,ASIA_Water_Open forest deciduous broad leaf,0.02,0.01,33,0,0
680,ASIA_Water_Open forest undefined,0.02,0.01,49,16,0
681,NorAfr_Tropical shrubland_Bare sparse vegetation,0,0,0,0,1
682,NorAfr_Tropical desert_Shrubs,0.025,0.0125,4,4,0
683,NorAfr_Tropical desert_Herbaceous vegetation,0.025,0.0125,3,3,0
684,NorAfr_Tropical desert_Agriculture,0.025,0.0125,2,2,0
685,NorAfr_Tropical desert_Urban built up,0,0,2,2,1
686,NorAfr_Tropical desert_Bare sparse vegetation,0,0,0,0,1
687,NorAfr_Tropical desert_Permanent water bodies,0,0,10,10,1
688,NorAfr_Tropical desert_Herbaceous wetland,0.025,0.0125,5,0,0
689,NorAfr_Tropical desert_Closed forest evergreen broad leaf,0.025,0.0125,4,0,0
690,NorAfr_Tropical desert_Closed forest mixed,0.025,0.0125,8,2,0
691,NorAfr_Tropical desert_Closed forest undefined,0.025,0.0125,16,5,0
692,NorAfr_Tropical desert_Open forest mixed,0.025,0.0125,5,1,0
693,NorAfr_Tropical desert_Open forest undefined,0.025,0.0125,8,6,0
694,NorAfr_Tropical desert_Oceans seas,0,0,10,10,1
695,NorAfr_Tropical mountain system_Urban built up,0,0,2,2,1
696,NorAfr_Tropical mountain system_Bare sparse vegetation,0,0,0,0,1
697,NorAfr_Subtropical dry forest_Shrubs,0.44,0.39,22,12,0
698,NorAfr_Subtropical dry forest_Herbaceous vegetation,1.37,1.23,7,15,0
699,NorAfr_Subtropical dry forest_Agriculture,1.6,1.44,6,8,0
700,NorAfr_Subtropical dry forest_Urban built up,0,0,2,2,1
701,NorAfr_Subtropical dry forest_Bare sparse vegetation,0,0,0.0065,0.0032,1
702,NorAfr_Subtropical dry forest_Permanent water bodies,0,0,10,10,1
703,NorAfr_Subtropical dry forest_Herbaceous wetland,0.42,0.38,23,8,0
704,NorAfr_Subtropical dry forest_Closed forest evergreen broad leaf,0.09,0.08,109,12,0
705,NorAfr_Subtropical dry forest_Closed forest deciduous broad leaf,0.09,0.08,105,12,0
706,NorAfr_Subtropical dry forest_Closed forest mixed,0.09,0.08,108,10,0
707,NorAfr_Subtropical dry forest_Closed forest undefined,0.1,0.09,95,12,0
708,NorAfr_Subtropical dry forest_Open forest deciduous broad leaf,0.28,0.25,34,14,0
709,NorAfr_Subtropical dry forest_Open forest mixed,0.27,0.24,36,23,0
710,NorAfr_Subtropical dry forest_Open forest undefined,0.22,0.2,44,15,0
711,NorAfr_Subtropical dry forest_Oceans seas,0,0,10,10,1
712,NorAfr_Subtropical steppe_Shrubs,0.69,0.62,7,3,0
713,NorAfr_Subtropical steppe_Herbaceous vegetation,1.6,1.44,3,2,0
714,NorAfr_Subtropical steppe_Agriculture,1.6,1.44,3,2,0
715,NorAfr_Subtropical steppe_Urban built up,0,0,2,2,1
716,NorAfr_Subtropical steppe_Bare sparse vegetation,0,0,0.0013,6e-04,1
717,NorAfr_Subtropical steppe_Permanent water bodies,0,0,10,10,1
718,NorAfr_Subtropical steppe_Herbaceous wetland,0.69,0.62,7,0,0
719,NorAfr_Subtropical steppe_Closed forest deciduous broad leaf,0.13,0.12,37,0,0
720,NorAfr_Subtropical steppe_Closed forest mixed,0.17,0.15,29,0,0
721,NorAfr_Subtropical steppe_Closed forest undefined,0.23,0.21,21,5,0
722,NorAfr_Subtropical steppe_Open forest deciduous broad leaf,0.3,0.27,16,7,0
723,NorAfr_Subtropical steppe_Open forest mixed,0.48,0.43,10,3,0
724,NorAfr_Subtropical steppe_Open forest undefined,0.53,0.48,9,4,0
725,NorAfr_Subtropical steppe_Oceans seas,0,0,10,10,1
726,NorAfr_Subtropical mountain system_Shrubs,0.59,0.53,17,11,0
727,NorAfr_Subtropical mountain system_Herbaceous vegetation,0.67,0.6,15,14,0
728,NorAfr_Subtropical mountain system_Agriculture,1.67,1.5,6,23,0
729,NorAfr_Subtropical mountain system_Urban built up,0,0,2,2,1
730,NorAfr_Subtropical mountain system_Bare sparse vegetation,0,0,0.0033,0.0016,1
731,NorAfr_Subtropical mountain system_Permanent water bodies,0,0,10,10,1
732,NorAfr_Subtropical mountain system_Herbaceous wetland,0.42,0.38,24,0,0
733,NorAfr_Subtropical mountain system_Closed forest evergreen broad leaf,0.11,0.1,88,5,0
734,NorAfr_Subtropical mountain system_Closed forest deciduous broad leaf,0.1,0.09,100,9,0
735,NorAfr_Subtropical mountain system_Closed forest mixed,0.11,0.1,90,12,0
736,NorAfr_Subtropical mountain system_Closed forest undefined,0.12,0.1,86,11,0
737,NorAfr_Subtropical mountain system_Open forest deciduous broad leaf,0.26,0.24,38,12,0
738,NorAfr_Subtropical mountain system_Open forest mixed,0.33,0.3,30,13,0
739,NorAfr_Subtropical mountain system_Open forest undefined,0.26,0.23,39,14,0
740,OCEANIA_Tropical rainforest_Shrubs,0.09,0.1,155,42,0
741,OCEANIA_Tropical rainforest_Herbaceous vegetation,0.1,0.11,140,45,0
742,OCEANIA_Tropical rainforest_Agriculture,0.07,0.08,198,52,0
743,OCEANIA_Tropical rainforest_Urban built up,0,0,2,2,1
744,OCEANIA_Tropical rainforest_Bare sparse vegetation,0,0,1.7977,0.8988,1
745,OCEANIA_Tropical rainforest_Permanent water bodies,0,0,10,10,1
746,OCEANIA_Tropical rainforest_Herbaceous wetland,0.06,0.07,238,44,0
747,OCEANIA_Tropical rainforest_Closed forest evergreen broad leaf,0.04,0.04,378,31,0
748,OCEANIA_Tropical rainforest_Closed forest undefined,0.04,0.04,369,38,0
749,OCEANIA_Tropical rainforest_Open forest evergreen broad leaf,0.06,0.06,244,45,0
750,OCEANIA_Tropical rainforest_Open forest undefined,0.05,0.06,260,47,0
751,OCEANIA_Tropical rainforest_Oceans seas,0,0,10,10,1
752,OCEANIA_Tropical moist forest_Shrubs,0.08,0.01,116,6,0
753,OCEANIA_Tropical moist forest_Herbaceous vegetation,0.08,0.01,120,20,0
754,OCEANIA_Tropical moist forest_Agriculture,0.07,0.01,145,0,0
755,OCEANIA_Tropical moist forest_Urban built up,0,0,2,2,1
756,OCEANIA_Tropical moist forest_Permanent water bodies,0,0,10,10,1
757,OCEANIA_Tropical moist forest_Herbaceous wetland,0.06,0.01,149,34,0
758,OCEANIA_Tropical moist forest_Closed forest evergreen broad leaf,0.03,0,315,41,0
759,OCEANIA_Tropical moist forest_Closed forest undefined,0.04,0.01,230,23,0
760,OCEANIA_Tropical moist forest_Open forest evergreen broad leaf,0.06,0.01,159,32,0
761,OCEANIA_Tropical moist forest_Open forest undefined,0.06,0.01,159,33,0
762,OCEANIA_Tropical moist forest_Oceans seas,0,0,10,10,1
763,OCEANIA_Tropical dry forest_Shrubs,0.13,0.12,117,3,0
764,OCEANIA_Tropical dry forest_Herbaceous vegetation,0.14,0.13,111,18,0
765,OCEANIA_Tropical dry forest_Agriculture,0.14,0.13,109,0,0
766,OCEANIA_Tropical dry forest_Urban built up,0,0,2,2,1
767,OCEANIA_Tropical dry forest_Bare sparse vegetation,0,0,0.95,0.475,1
768,OCEANIA_Tropical dry forest_Permanent water bodies,0,0,10,10,1
769,OCEANIA_Tropical dry forest_Herbaceous wetland,0.11,0.1,139,16,0
770,OCEANIA_Tropical dry forest_Closed forest evergreen broad leaf,0.05,0.04,316,49,0
771,OCEANIA_Tropical dry forest_Closed forest undefined,0.11,0.1,140,36,0
772,OCEANIA_Tropical dry forest_Open forest evergreen broad leaf,0.11,0.1,141,43,0
773,OCEANIA_Tropical dry forest_Open forest undefined,0.12,0.1,135,25,0
774,OCEANIA_Tropical dry forest_Oceans seas,0,0,10,10,1
775,OCEANIA_Tropical mountain system_Shrubs,0.09,0,132,29,0
776,OCEANIA_Tropical mountain system_Herbaceous vegetation,0.08,0,151,48,0
777,OCEANIA_Tropical mountain system_Agriculture,0.11,0,107,0,0
778,OCEANIA_Tropical mountain system_Urban built up,0,0,2,2,1
779,OCEANIA_Tropical mountain system_Bare sparse vegetation,0,0,0.9583,0.4792,1
780,OCEANIA_Tropical mountain system_Permanent water bodies,0,0,10,10,1
781,OCEANIA_Tropical mountain system_Herbaceous wetland,0.03,0,352,30,0
782,OCEANIA_Tropical mountain system_Closed forest evergreen broad leaf,0.03,0,390,30,0
783,OCEANIA_Tropical mountain system_Closed forest undefined,0.03,0,398,31,0
784,OCEANIA_Tropical mountain system_Open forest evergreen broad leaf,0.06,0,189,40,0
785,OCEANIA_Tropical mountain system_Open forest undefined,0.04,0,288,44,0
