IDorig,Key,TOF,luc_code,reg_code,gez_code
11111,1,1,11,1,11
11122,2,0,22,1,11
11133,3,0,33,1,11
11144,4,0,44,1,11
11145,5,0,45,1,11
11155,6,0,55,1,11
11166,7,1,66,1,11
11177,8,1,77,1,11
11211,9,1,11,1,12
11222,10,0,22,1,12
11233,11,0,33,1,12
11244,12,0,44,1,12
11245,13,0,45,1,12
11255,14,0,55,1,12
11266,15,1,66,1,12
11277,16,1,77,1,12
11311,17,1,11,1,13
11322,18,0,22,1,13
11333,19,0,33,1,13
11344,20,0,44,1,13
11345,21,0,45,1,13
11355,22,0,55,1,13
11366,23,1,66,1,13
11377,24,1,77,1,13
11411,25,1,11,1,14
11422,26,0,22,1,14
11433,27,0,33,1,14
11444,28,0,44,1,14
11445,29,0,45,1,14
11455,30,0,55,1,14
11466,31,1,66,1,14
11477,32,1,77,1,14
11511,33,1,11,1,15
11522,34,0,22,1,15
11533,35,0,33,1,15
11544,36,0,44,1,15
11545,37,0,45,1,15
11555,38,0,55,1,15
11566,39,1,66,1,15
11577,40,1,77,1,15
11611,41,1,11,1,16
11622,42,0,22,1,16
11633,43,0,33,1,16
11644,44,0,44,1,16
11645,45,0,45,1,16
11655,46,0,55,1,16
11666,47,1,66,1,16
11677,48,1,77,1,16
12111,49,1,11,1,21
12122,50,0,22,1,21
12133,51,0,33,1,21
12144,52,0,44,1,21
12145,53,0,45,1,21
12155,54,0,55,1,21
12166,55,1,66,1,21
12177,56,1,77,1,21
12211,57,1,11,1,22
12222,58,0,22,1,22
12233,59,0,33,1,22
12244,60,0,44,1,22
12245,61,0,45,1,22
12255,62,0,55,1,22
12266,63,1,66,1,22
12277,64,1,77,1,22
12511,65,1,11,1,25
12522,66,0,22,1,25
12533,67,0,33,1,25
12544,68,0,44,1,25
12545,69,0,45,1,25
12555,70,0,55,1,25
12566,71,1,66,1,25
12577,72,1,77,1,25
19011,73,1,11,1,90
19022,74,0,22,1,90
19033,75,0,33,1,90
19044,76,0,44,1,90
19045,77,0,45,1,90
19055,78,0,55,1,90
19066,79,1,66,1,90
19077,80,1,77,1,90
21111,81,1,11,2,11
21122,82,0,22,2,11
21133,83,0,33,2,11
21144,84,0,44,2,11
21145,85,0,45,2,11
21155,86,0,55,2,11
21166,87,1,66,2,11
21177,88,1,77,2,11
21211,89,1,11,2,12
21222,90,0,22,2,12
21233,91,0,33,2,12
21244,92,0,44,2,12
21245,93,0,45,2,12
21255,94,0,55,2,12
21266,95,1,66,2,12
21277,96,1,77,2,12
21311,97,1,11,2,13
21322,98,0,22,2,13
21333,99,0,33,2,13
21344,100,0,44,2,13
21345,101,0,45,2,13
21355,102,0,55,2,13
21366,103,1,66,2,13
21377,104,1,77,2,13
21411,105,1,11,2,14
21422,106,0,22,2,14
21433,107,0,33,2,14
21444,108,0,44,2,14
21445,109,0,45,2,14
21455,110,0,55,2,14
21466,111,1,66,2,14
21477,112,1,77,2,14
21511,113,1,11,2,15
21522,114,0,22,2,15
21533,115,0,33,2,15
21544,116,0,44,2,15
21545,117,0,45,2,15
21555,118,0,55,2,15
21566,119,1,66,2,15
21577,120,1,77,2,15
21611,121,1,11,2,16
21622,122,0,22,2,16
21633,123,0,33,2,16
21644,124,0,44,2,16
21645,125,0,45,2,16
21655,126,0,55,2,16
21666,127,1,66,2,16
21677,128,1,77,2,16
22111,129,1,11,2,21
22122,130,0,22,2,21
22133,131,0,33,2,21
22144,132,0,44,2,21
22145,133,0,45,2,21
22155,134,0,55,2,21
22166,135,1,66,2,21
22177,136,1,77,2,21
22211,137,1,11,2,22
22222,138,0,22,2,22
22233,139,0,33,2,22
22244,140,0,44,2,22
22245,141,0,45,2,22
22255,142,0,55,2,22
22266,143,1,66,2,22
22277,144,1,77,2,22
22311,145,1,11,2,23
22322,146,0,22,2,23
22333,147,0,33,2,23
22344,148,0,44,2,23
22345,149,0,45,2,23
22355,150,0,55,2,23
22366,151,1,66,2,23
22377,152,1,77,2,23
22411,153,1,11,2,24
22422,154,0,22,2,24
22433,155,0,33,2,24
22444,156,0,44,2,24
22445,157,0,45,2,24
22455,158,0,55,2,24
22466,159,1,66,2,24
22477,160,1,77,2,24
22511,161,1,11,2,25
22522,162,0,22,2,25
22533,163,0,33,2,25
22544,164,0,44,2,25
22545,165,0,45,2,25
22555,166,0,55,2,25
22566,167,1,66,2,25
22577,168,1,77,2,25
23111,169,1,11,2,31
23122,170,0,22,2,31
23133,171,0,33,2,31
23144,172,0,44,2,31
23145,173,0,45,2,31
23155,174,0,55,2,31
23166,175,1,66,2,31
23177,176,1,77,2,31
23311,177,1,11,2,33
23322,178,0,22,2,33
23333,179,0,33,2,33
23344,180,0,44,2,33
23345,181,0,45,2,33
23355,182,0,55,2,33
23366,183,1,66,2,33
23377,184,1,77,2,33
23511,185,1,11,2,35
23522,186,0,22,2,35
23533,187,0,33,2,35
23544,188,0,44,2,35
23545,189,0,45,2,35
23555,190,0,55,2,35
23566,191,1,66,2,35
23577,192,1,77,2,35
29011,193,1,11,2,90
29022,194,0,22,2,90
29033,195,0,33,2,90
29044,196,0,44,2,90
29045,197,0,45,2,90
29055,198,0,55,2,90
29066,199,1,66,2,90
29077,200,1,77,2,90
31111,201,1,11,3,11
31122,202,0,22,3,11
31133,203,0,33,3,11
31144,204,0,44,3,11
31145,205,0,45,3,11
31155,206,0,55,3,11
31166,207,1,66,3,11
31177,208,1,77,3,11
31211,209,1,11,3,12
31222,210,0,22,3,12
31233,211,0,33,3,12
31244,212,0,44,3,12
31245,213,0,45,3,12
31255,214,0,55,3,12
31266,215,1,66,3,12
31277,216,1,77,3,12
31311,217,1,11,3,13
31322,218,0,22,3,13
31333,219,0,33,3,13
31344,220,0,44,3,13
31345,221,0,45,3,13
31355,222,0,55,3,13
31366,223,1,66,3,13
31377,224,1,77,3,13
31411,225,1,11,3,14
31422,226,0,22,3,14
31433,227,0,33,3,14
31444,228,0,44,3,14
31445,229,0,45,3,14
31455,230,0,55,3,14
31466,231,1,66,3,14
31477,232,1,77,3,14
31511,233,1,11,3,15
31522,234,0,22,3,15
31533,235,0,33,3,15
31544,236,0,44,3,15
31545,237,0,45,3,15
31555,238,0,55,3,15
31566,239,1,66,3,15
31577,240,1,77,3,15
31611,241,1,11,3,16
31622,242,0,22,3,16
31633,243,0,33,3,16
31644,244,0,44,3,16
31645,245,0,45,3,16
31655,246,0,55,3,16
31666,247,1,66,3,16
31677,248,1,77,3,16
32111,249,1,11,3,21
32122,250,0,22,3,21
32133,251,0,33,3,21
32144,252,0,44,3,21
32145,253,0,45,3,21
32155,254,0,55,3,21
32166,255,1,66,3,21
32177,256,1,77,3,21
32211,257,1,11,3,22
32222,258,0,22,3,22
32233,259,0,33,3,22
32244,260,0,44,3,22
32245,261,0,45,3,22
32255,262,0,55,3,22
32266,263,1,66,3,22
32277,264,1,77,3,22
32311,265,1,11,3,23
32322,266,0,22,3,23
32333,267,0,33,3,23
32344,268,0,44,3,23
32345,269,0,45,3,23
32355,270,0,55,3,23
32366,271,1,66,3,23
32377,272,1,77,3,23
32411,273,1,11,3,24
32422,274,0,22,3,24
32433,275,0,33,3,24
32444,276,0,44,3,24
32445,277,0,45,3,24
32455,278,0,55,3,24
32466,279,1,66,3,24
32477,280,1,77,3,24
32511,281,1,11,3,25
32522,282,0,22,3,25
32533,283,0,33,3,25
32544,284,0,44,3,25
32545,285,0,45,3,25
32555,286,0,55,3,25
32566,287,1,66,3,25
32577,288,1,77,3,25
33211,289,1,11,3,32
33222,290,0,22,3,32
33233,291,0,33,3,32
33244,292,0,44,3,32
33245,293,0,45,3,32
33255,294,0,55,3,32
33266,295,1,66,3,32
33277,296,1,77,3,32
33311,297,1,11,3,33
33322,298,0,22,3,33
33333,299,0,33,3,33
33344,300,0,44,3,33
33345,301,0,45,3,33
33355,302,0,55,3,33
33366,303,1,66,3,33
33377,304,1,77,3,33
33411,305,1,11,3,34
33422,306,0,22,3,34
33433,307,0,33,3,34
33444,308,0,44,3,34
33445,309,0,45,3,34
33455,310,0,55,3,34
33466,311,1,66,3,34
33477,312,1,77,3,34
33511,313,1,11,3,35
33522,314,0,22,3,35
33533,315,0,33,3,35
33544,316,0,44,3,35
33545,317,0,45,3,35
33555,318,0,55,3,35
33566,319,1,66,3,35
33577,320,1,77,3,35
34111,321,1,11,3,41
34122,322,0,22,3,41
34133,323,0,33,3,41
34144,324,0,44,3,41
34145,325,0,45,3,41
34155,326,0,55,3,41
34166,327,1,66,3,41
34177,328,1,77,3,41
34311,329,1,11,3,43
34322,330,0,22,3,43
34333,331,0,33,3,43
34344,332,0,44,3,43
34345,333,0,45,3,43
34355,334,0,55,3,43
34366,335,1,66,3,43
34377,336,1,77,3,43
39011,337,1,11,3,90
39022,338,0,22,3,90
39033,339,0,33,3,90
39044,340,0,44,3,90
39045,341,0,45,3,90
39055,342,0,55,3,90
39066,343,1,66,3,90
39077,344,1,77,3,90
41411,345,1,11,4,14
41422,346,0,22,4,14
41433,347,0,33,4,14
41444,348,0,44,4,14
41445,349,0,45,4,14
41455,350,0,55,4,14
41466,351,1,66,4,14
41477,352,1,77,4,14
41511,353,1,11,4,15
41522,354,0,22,4,15
41533,355,0,33,4,15
41544,356,0,44,4,15
41545,357,0,45,4,15
41555,358,0,55,4,15
41566,359,1,66,4,15
41577,360,1,77,4,15
41611,361,1,11,4,16
41622,362,0,22,4,16
41633,363,0,33,4,16
41644,364,0,44,4,16
41645,365,0,45,4,16
41655,366,0,55,4,16
41666,367,1,66,4,16
41677,368,1,77,4,16
42211,369,1,11,4,22
42222,370,0,22,4,22
42233,371,0,33,4,22
42244,372,0,44,4,22
42245,373,0,45,4,22
42255,374,0,55,4,22
42266,375,1,66,4,22
42277,376,1,77,4,22
42311,377,1,11,4,23
42322,378,0,22,4,23
42333,379,0,33,4,23
42344,380,0,44,4,23
42345,381,0,45,4,23
42355,382,0,55,4,23
42366,383,1,66,4,23
42377,384,1,77,4,23
42511,385,1,11,4,25
42522,386,0,22,4,25
42533,387,0,33,4,25
42544,388,0,44,4,25
42545,389,0,45,4,25
42555,390,0,55,4,25
42566,391,1,66,4,25
42577,392,1,77,4,25
51111,393,1,11,5,11
51122,394,0,22,5,11
51133,395,0,33,5,11
51144,396,0,44,5,11
51145,397,0,45,5,11
51155,398,0,55,5,11
51166,399,1,66,5,11
51177,400,1,77,5,11
51211,401,1,11,5,12
51222,402,0,22,5,12
51233,403,0,33,5,12
51244,404,0,44,5,12
51245,405,0,45,5,12
51255,406,0,55,5,12
51266,407,1,66,5,12
51277,408,1,77,5,12
51311,409,1,11,5,13
51322,410,0,22,5,13
51333,411,0,33,5,13
51344,412,0,44,5,13
51345,413,0,45,5,13
51355,414,0,55,5,13
51366,415,1,66,5,13
51377,416,1,77,5,13
51611,417,1,11,5,16
51622,418,0,22,5,16
51633,419,0,33,5,16
51644,420,0,44,5,16
51645,421,0,45,5,16
51655,422,0,55,5,16
51666,423,1,66,5,16
51677,424,1,77,5,16
