GID_0,fueltype,CO2,CH4,N2O,units are tCO2e/ton (and tCO2e/MWh for electricity),,,,,,,
AGO,biogas,0.000000000,1.817949000,0.025935000,,,,,,,,
AGO,Biomass,1.520808000,0.250776000,0.000000000,,,,,,,,
AGO,Charcoal,5.846121255,2.348200280,0.106470000,,,,,,,,
AGO,Coal,2.023271360,0.247963654,0.000000000,,,,,,,,
AGO,Electricity,0.831933778,0.016322352,0.001013997,,,,,,,,
AGO,Ethanol,0.000000000,0.491610600,0.346437000,,,,,,,,
AGO,Gas,3.724875000,0.156897000,0.002457000,,,,,,,,
AGO,Imp_biomass,1.520808000,0.276782400,0.000000000,,,,,,,,
AGO,Imp_charcoal,5.846121255,2.591717346,0.106470000,,,,,,,,
AGO,Kerosene,3.436973230,0.136712566,0.001655199,,,,,,,,
AGO,Pellets,0.000000000,0.046204960,0.007098000,,,,,,,,
ARG,biogas,0.000000000,1.817949000,0.025935000,,,,,,,,
ARG,Biomass,1.520808000,0.250776000,0.000000000,,,,,,,,
ARG,Charcoal,5.846121255,2.348200280,0.106470000,,,,,,,,
ARG,Coal,2.023271360,0.247963654,0.000000000,,,,,,,,
ARG,Electricity,0.330423495,0.000000000,0.000000000,,,,,,,,
ARG,Ethanol,0.000000000,0.491610600,0.346437000,,,,,,,,
ARG,Gas,3.724875000,0.156897000,0.002457000,,,,,,,,
ARG,Imp_biomass,1.520808000,0.276782400,0.000000000,,,,,,,,
ARG,Imp_charcoal,5.846121255,2.591717346,0.106470000,,,,,,,,
ARG,Kerosene,3.436973230,0.136712566,0.001655199,,,,,,,,
ARG,Pellets,0.000000000,0.046204960,0.007098000,,,,,,,,
BDI,biogas,0.000000000,1.817949000,0.025935000,,,,,,,,
BDI,Biomass,1.520808000,0.250776000,0.000000000,,,,,,,,
BDI,Charcoal,5.846121255,2.348200280,0.106470000,,,,,,,,
BDI,Coal,2.023271360,0.247963654,0.000000000,,,,,,,,
BDI,Electricity,0.220156707,0.020819527,0.001324384,,,,,,,,
BDI,Ethanol,0.000000000,0.491610600,0.346437000,,,,,,,,
BDI,Gas,3.724875000,0.156897000,0.002457000,,,,,,,,
BDI,Imp_biomass,1.520808000,0.276782400,0.000000000,,,,,,,,
BDI,Imp_charcoal,5.846121255,2.591717346,0.106470000,,,,,,,,
BDI,Kerosene,3.436973230,0.136712566,0.001655199,,,,,,,,
BDI,Pellets,0.000000000,0.046204960,0.007098000,,,,,,,,
BEN,biogas,0.000000000,1.817949000,0.025935000,,,,,,,,
BEN,Biomass,1.520808000,0.250776000,0.000000000,,,,,,,,
BEN,Charcoal,5.846121255,2.348200280,0.106470000,,,,,,,,
BEN,Coal,2.023271360,0.247963654,0.000000000,,,,,,,,
BEN,Electricity,0.643364093,0.032866813,0.002040492,,,,,,,,
BEN,Ethanol,0.000000000,0.491610600,0.346437000,,,,,,,,
BEN,Gas,3.724875000,0.156897000,0.002457000,,,,,,,,
BEN,Imp_biomass,1.520808000,0.276782400,0.000000000,,,,,,,,
BEN,Imp_charcoal,5.846121255,2.591717346,0.106470000,,,,,,,,
BEN,Kerosene,3.436973230,0.136712566,0.001655199,,,,,,,,
BEN,Pellets,0.000000000,0.046204960,0.007098000,,,,,,,,
BFA,biogas,0.000000000,1.817949000,0.025935000,,,,,,,,
BFA,Biomass,1.520808000,0.250776000,0.000000000,,,,,,,,
BFA,Charcoal,5.846121255,2.348200280,0.106470000,,,,,,,,
BFA,Coal,2.023271360,0.247963654,0.000000000,,,,,,,,
BFA,Electricity,0.602391300,0.020819527,0.001324384,,,,,,,,
BFA,Ethanol,0.000000000,0.491610600,0.346437000,,,,,,,,
BFA,Gas,3.724875000,0.156897000,0.002457000,,,,,,,,
BFA,Imp_biomass,1.520808000,0.276782400,0.000000000,,,,,,,,
BFA,Imp_charcoal,5.846121255,2.591717346,0.106470000,,,,,,,,
BFA,Kerosene,3.436973230,0.136712566,0.001655199,,,,,,,,
BFA,Pellets,0.000000000,0.046204960,0.007098000,,,,,,,,
BGD,biogas,0.000000000,1.817949000,0.025935000,,,,,,,,
BGD,Biomass,1.520808000,0.250776000,0.000000000,,,,,,,,
BGD,Charcoal,5.846121255,2.348200280,0.106470000,,,,,,,,
BGD,Coal,2.023271360,0.247963654,0.000000000,,,,,,,,
BGD,Electricity,0.458654268,0.037991016,0.001861879,,,,,,,,
BGD,Ethanol,0.000000000,0.491610600,0.346437000,,,,,,,,
BGD,Gas,3.724875000,0.156897000,0.002457000,,,,,,,,
BGD,Imp_biomass,1.520808000,0.276782400,0.000000000,,,,,,,,
BGD,Imp_charcoal,5.846121255,2.591717346,0.106470000,,,,,,,,
BGD,Kerosene,3.436973230,0.136712566,0.001655199,,,,,,,,
BGD,Pellets,0.000000000,0.046204960,0.007098000,,,,,,,,
BLZ,biogas,0.000000000,1.817949000,0.025935000,,,,,,,,
BLZ,Biomass,1.520808000,0.250776000,0.000000000,,,,,,,,
BLZ,Charcoal,5.846121255,2.348200280,0.106470000,,,,,,,,
BLZ,Coal,2.023271360,0.247963654,0.000000000,,,,,,,,
BLZ,Electricity,0.209095897,0.000000000,0.000000000,,,,,,,,
BLZ,Ethanol,0.000000000,0.491610600,0.346437000,,,,,,,,
BLZ,Gas,3.724875000,0.156897000,0.002457000,,,,,,,,
BLZ,Imp_biomass,1.520808000,0.276782400,0.000000000,,,,,,,,
BLZ,Imp_charcoal,5.846121255,2.591717346,0.106470000,,,,,,,,
BLZ,Kerosene,3.436973230,0.136712566,0.001655199,,,,,,,,
BLZ,Pellets,0.000000000,0.046204960,0.007098000,,,,,,,,
BOL,biogas,0.000000000,1.817949000,0.025935000,,,,,,,,
BOL,Biomass,1.520808000,0.250776000,0.000000000,,,,,,,,
BOL,Charcoal,5.846121255,2.348200280,0.106470000,,,,,,,,
BOL,Coal,2.023271360,0.247963654,0.000000000,,,,,,,,
BOL,Electricity,0.000000000,0.026257055,0.001201376,,,,,,,,
BOL,Ethanol,0.000000000,0.491610600,0.346437000,,,,,,,,
BOL,Gas,3.724875000,0.156897000,0.002457000,,,,,,,,
BOL,Imp_biomass,1.520808000,0.276782400,0.000000000,,,,,,,,
BOL,Imp_charcoal,5.846121255,2.591717346,0.106470000,,,,,,,,
BOL,Kerosene,3.436973230,0.136712566,0.001655199,,,,,,,,
BOL,Pellets,0.000000000,0.046204960,0.007098000,,,,,,,,
BRA,biogas,0.000000000,1.817949000,0.025935000,,,,,,,,
BRA,Biomass,1.520808000,0.250776000,0.000000000,,,,,,,,
BRA,Charcoal,5.846121255,2.348200280,0.106470000,,,,,,,,
BRA,Coal,2.023271360,0.247963654,0.000000000,,,,,,,,
BRA,Electricity,0.173690625,0.010730403,0.000649117,,,,,,,,
BRA,Ethanol,0.000000000,0.491610600,0.346437000,,,,,,,,
BRA,Gas,3.724875000,0.156897000,0.002457000,,,,,,,,
BRA,Imp_biomass,1.520808000,0.276782400,0.000000000,,,,,,,,
BRA,Imp_charcoal,5.846121255,2.591717346,0.106470000,,,,,,,,
BRA,Kerosene,3.436973230,0.136712566,0.001655199,,,,,,,,
BRA,Pellets,0.000000000,0.046204960,0.007098000,,,,,,,,
BTN,biogas,0.000000000,1.817949000,0.025935000,,,,,,,,
BTN,Biomass,1.520808000,0.250776000,0.000000000,,,,,,,,
BTN,Charcoal,5.846121255,2.348200280,0.106470000,,,,,,,,
BTN,Coal,2.023271360,0.247963654,0.000000000,,,,,,,,
BTN,Electricity,0.000000000,0.000000000,0.000000000,,,,,,,,
BTN,Ethanol,0.000000000,0.491610600,0.346437000,,,,,,,,
BTN,Gas,3.724875000,0.156897000,0.002457000,,,,,,,,
BTN,Imp_biomass,1.520808000,0.276782400,0.000000000,,,,,,,,
BTN,Imp_charcoal,5.846121255,2.591717346,0.106470000,,,,,,,,
BTN,Kerosene,3.436973230,0.136712566,0.001655199,,,,,,,,
BTN,Pellets,0.000000000,0.046204960,0.007098000,,,,,,,,
BWA,biogas,0.000000000,1.817949000,0.025935000,,,,,,,,
BWA,Biomass,1.520808000,0.250776000,0.000000000,,,,,,,,
BWA,Charcoal,5.846121255,2.348200280,0.106470000,,,,,,,,
BWA,Coal,2.023271360,0.247963654,0.000000000,,,,,,,,
BWA,Electricity,1.188259071,0.076717577,0.006202413,,,,,,,,
BWA,Ethanol,0.000000000,0.491610600,0.346437000,,,,,,,,
BWA,Gas,3.724875000,0.156897000,0.002457000,,,,,,,,
BWA,Imp_biomass,1.520808000,0.276782400,0.000000000,,,,,,,,
BWA,Imp_charcoal,5.846121255,2.591717346,0.106470000,,,,,,,,
BWA,Kerosene,3.436973230,0.136712566,0.001655199,,,,,,,,
BWA,Pellets,0.000000000,0.046204960,0.007098000,,,,,,,,
CAF,biogas,0.000000000,1.817949000,0.025935000,,,,,,,,
CAF,Biomass,1.520808000,0.250776000,0.000000000,,,,,,,,
CAF,Charcoal,5.846121255,2.348200280,0.106470000,,,,,,,,
CAF,Coal,2.023271360,0.247963654,0.000000000,,,,,,,,
CAF,Electricity,0.085530022,0.020819527,0.001324384,,,,,,,,
CAF,Ethanol,0.000000000,0.491610600,0.346437000,,,,,,,,
CAF,Gas,3.724875000,0.156897000,0.002457000,,,,,,,,
CAF,Imp_biomass,1.520808000,0.276782400,0.000000000,,,,,,,,
CAF,Imp_charcoal,5.846121255,2.591717346,0.106470000,,,,,,,,
CAF,Kerosene,3.436973230,0.136712566,0.001655199,,,,,,,,
CAF,Pellets,0.000000000,0.046204960,0.007098000,,,,,,,,
CIV,biogas,0.000000000,1.817949000,0.025935000,,,,,,,,
CIV,Biomass,1.520808000,0.250776000,0.000000000,,,,,,,,
CIV,Charcoal,5.846121255,2.348200280,0.106470000,,,,,,,,
CIV,Coal,2.023271360,0.247963654,0.000000000,,,,,,,,
CIV,Electricity,0.000000000,0.031775383,0.001468099,,,,,,,,
CIV,Ethanol,0.000000000,0.491610600,0.346437000,,,,,,,,
CIV,Gas,3.724875000,0.156897000,0.002457000,,,,,,,,
CIV,Imp_biomass,1.520808000,0.276782400,0.000000000,,,,,,,,
CIV,Imp_charcoal,5.846121255,2.591717346,0.106470000,,,,,,,,
CIV,Kerosene,3.436973230,0.136712566,0.001655199,,,,,,,,
CIV,Pellets,0.000000000,0.046204960,0.007098000,,,,,,,,
CMR,biogas,0.000000000,1.817949000,0.025935000,,,,,,,,
CMR,Biomass,1.520808000,0.250776000,0.000000000,,,,,,,,
CMR,Charcoal,5.846121255,2.348200280,0.106470000,,,,,,,,
CMR,Coal,2.023271360,0.247963654,0.000000000,,,,,,,,
CMR,Electricity,0.393521094,0.008564708,0.000493905,,,,,,,,
CMR,Ethanol,0.000000000,0.491610600,0.346437000,,,,,,,,
CMR,Gas,3.724875000,0.156897000,0.002457000,,,,,,,,
CMR,Imp_biomass,1.520808000,0.276782400,0.000000000,,,,,,,,
CMR,Imp_charcoal,5.846121255,2.591717346,0.106470000,,,,,,,,
CMR,Kerosene,3.436973230,0.136712566,0.001655199,,,,,,,,
CMR,Pellets,0.000000000,0.046204960,0.007098000,,,,,,,,
COD,biogas,0.000000000,1.817949000,0.025935000,,,,,,,,
COD,Biomass,1.520808000,0.250776000,0.000000000,,,,,,,,
COD,Charcoal,5.846121255,2.348200280,0.106470000,,,,,,,,
COD,Coal,2.023271360,0.247963654,0.000000000,,,,,,,,
COD,Electricity,0.000453196,0.000116801,0.000008222,,,,,,,,
COD,Ethanol,0.000000000,0.491610600,0.346437000,,,,,,,,
COD,Gas,3.724875000,0.156897000,0.002457000,,,,,,,,
COD,Imp_biomass,1.520808000,0.276782400,0.000000000,,,,,,,,
COD,Imp_charcoal,5.846121255,2.591717346,0.106470000,,,,,,,,
COD,Kerosene,3.436973230,0.136712566,0.001655199,,,,,,,,
COD,Pellets,0.000000000,0.046204960,0.007098000,,,,,,,,
COG,biogas,0.000000000,1.817949000,0.025935000,,,,,,,,
COG,Biomass,1.520808000,0.250776000,0.000000000,,,,,,,,
COG,Charcoal,5.846121255,2.348200280,0.106470000,,,,,,,,
COG,Coal,2.023271360,0.247963654,0.000000000,,,,,,,,
COG,Electricity,0.585779852,0.017930783,0.000812121,,,,,,,,
COG,Ethanol,0.000000000,0.491610600,0.346437000,,,,,,,,
COG,Gas,3.724875000,0.156897000,0.002457000,,,,,,,,
COG,Imp_biomass,1.520808000,0.276782400,0.000000000,,,,,,,,
COG,Imp_charcoal,5.846121255,2.591717346,0.106470000,,,,,,,,
COG,Kerosene,3.436973230,0.136712566,0.001655199,,,,,,,,
COG,Pellets,0.000000000,0.046204960,0.007098000,,,,,,,,
COL,biogas,0.000000000,1.817949000,0.025935000,,,,,,,,
COL,Biomass,1.520808000,0.250776000,0.000000000,,,,,,,,
COL,Charcoal,5.846121255,2.348200280,0.106470000,,,,,,,,
COL,Coal,2.023271360,0.247963654,0.000000000,,,,,,,,
COL,Electricity,0.230588816,0.016936242,0.001104232,,,,,,,,
COL,Ethanol,0.000000000,0.491610600,0.346437000,,,,,,,,
COL,Gas,3.724875000,0.156897000,0.002457000,,,,,,,,
COL,Imp_biomass,1.520808000,0.276782400,0.000000000,,,,,,,,
COL,Imp_charcoal,5.846121255,2.591717346,0.106470000,,,,,,,,
COL,Kerosene,3.436973230,0.136712566,0.001655199,,,,,,,,
COL,Pellets,0.000000000,0.046204960,0.007098000,,,,,,,,
COM,biogas,0.000000000,1.817949000,0.025935000,,,,,,,,
COM,Biomass,1.520808000,0.250776000,0.000000000,,,,,,,,
COM,Charcoal,5.846121255,2.348200280,0.106470000,,,,,,,,
COM,Coal,2.023271360,0.247963654,0.000000000,,,,,,,,
COM,Electricity,0.658278269,0.000000000,0.000000000,,,,,,,,
COM,Ethanol,0.000000000,0.491610600,0.346437000,,,,,,,,
COM,Gas,3.724875000,0.156897000,0.002457000,,,,,,,,
COM,Imp_biomass,1.520808000,0.276782400,0.000000000,,,,,,,,
COM,Imp_charcoal,5.846121255,2.591717346,0.106470000,,,,,,,,
COM,Kerosene,3.436973230,0.136712566,0.001655199,,,,,,,,
COM,Pellets,0.000000000,0.046204960,0.007098000,,,,,,,,
CRI,biogas,0.000000000,1.817949000,0.025935000,,,,,,,,
CRI,Biomass,1.520808000,0.250776000,0.000000000,,,,,,,,
CRI,Charcoal,5.846121255,2.348200280,0.106470000,,,,,,,,
CRI,Coal,2.023271360,0.247963654,0.000000000,,,,,,,,
CRI,Electricity,0.043100481,0.000000000,0.000000000,,,,,,,,
CRI,Ethanol,0.000000000,0.491610600,0.346437000,,,,,,,,
CRI,Gas,3.724875000,0.156897000,0.002457000,,,,,,,,
CRI,Imp_biomass,1.520808000,0.276782400,0.000000000,,,,,,,,
CRI,Imp_charcoal,5.846121255,2.591717346,0.106470000,,,,,,,,
CRI,Kerosene,3.436973230,0.136712566,0.001655199,,,,,,,,
CRI,Pellets,0.000000000,0.046204960,0.007098000,,,,,,,,
DJI,biogas,0.000000000,1.817949000,0.025935000,,,,,,,,
DJI,Biomass,1.520808000,0.250776000,0.000000000,,,,,,,,
DJI,Charcoal,5.846121255,2.348200280,0.106470000,,,,,,,,
DJI,Coal,2.023271360,0.247963654,0.000000000,,,,,,,,
DJI,Electricity,0.643035599,0.000000000,0.000000000,,,,,,,,
DJI,Ethanol,0.000000000,0.491610600,0.346437000,,,,,,,,
DJI,Gas,3.724875000,0.156897000,0.002457000,,,,,,,,
DJI,Imp_biomass,1.520808000,0.276782400,0.000000000,,,,,,,,
DJI,Imp_charcoal,5.846121255,2.591717346,0.106470000,,,,,,,,
DJI,Kerosene,3.436973230,0.136712566,0.001655199,,,,,,,,
DJI,Pellets,0.000000000,0.046204960,0.007098000,,,,,,,,
DOM,biogas,0.000000000,1.817949000,0.025935000,,,,,,,,
DOM,Biomass,1.520808000,0.250776000,0.000000000,,,,,,,,
DOM,Charcoal,5.846121255,2.348200280,0.106470000,,,,,,,,
DOM,Coal,2.023271360,0.247963654,0.000000000,,,,,,,,
DOM,Electricity,0.478127900,0.037135481,0.002355139,,,,,,,,
DOM,Ethanol,0.000000000,0.491610600,0.346437000,,,,,,,,
DOM,Gas,3.724875000,0.156897000,0.002457000,,,,,,,,
DOM,Imp_biomass,1.520808000,0.276782400,0.000000000,,,,,,,,
DOM,Imp_charcoal,5.846121255,2.591717346,0.106470000,,,,,,,,
DOM,Kerosene,3.436973230,0.136712566,0.001655199,,,,,,,,
DOM,Pellets,0.000000000,0.046204960,0.007098000,,,,,,,,
ECU,biogas,0.000000000,1.817949000,0.025935000,,,,,,,,
ECU,Biomass,1.520808000,0.250776000,0.000000000,,,,,,,,
ECU,Charcoal,5.846121255,2.348200280,0.106470000,,,,,,,,
ECU,Coal,2.023271360,0.247963654,0.000000000,,,,,,,,
ECU,Electricity,0.316215472,0.000000000,0.000000000,,,,,,,,
ECU,Ethanol,0.000000000,0.491610600,0.346437000,,,,,,,,
ECU,Gas,3.724875000,0.156897000,0.002457000,,,,,,,,
ECU,Imp_biomass,1.520808000,0.276782400,0.000000000,,,,,,,,
ECU,Imp_charcoal,5.846121255,2.591717346,0.106470000,,,,,,,,
ECU,Kerosene,3.436973230,0.136712566,0.001655199,,,,,,,,
ECU,Pellets,0.000000000,0.046204960,0.007098000,,,,,,,,
ERI,biogas,0.000000000,1.817949000,0.025935000,,,,,,,,
ERI,Biomass,1.520808000,0.250776000,0.000000000,,,,,,,,
ERI,Charcoal,5.846121255,2.348200280,0.106470000,,,,,,,,
ERI,Coal,2.023271360,0.247963654,0.000000000,,,,,,,,
ERI,Electricity,0.794336814,0.034626436,0.002149681,,,,,,,,
ERI,Ethanol,0.000000000,0.491610600,0.346437000,,,,,,,,
ERI,Gas,3.724875000,0.156897000,0.002457000,,,,,,,,
ERI,Imp_biomass,1.520808000,0.276782400,0.000000000,,,,,,,,
ERI,Imp_charcoal,5.846121255,2.591717346,0.106470000,,,,,,,,
ERI,Kerosene,3.436973230,0.136712566,0.001655199,,,,,,,,
ERI,Pellets,0.000000000,0.046204960,0.007098000,,,,,,,,
ETH,biogas,0.000000000,1.817949000,0.025935000,,,,,,,,
ETH,Biomass,1.520808000,0.250776000,0.000000000,,,,,,,,
ETH,Charcoal,5.846121255,2.348200280,0.106470000,,,,,,,,
ETH,Coal,2.023271360,0.247963654,0.000000000,,,,,,,,
ETH,Electricity,0.000167748,0.000062548,0.000005054,,,,,,,,
ETH,Ethanol,0.000000000,0.491610600,0.346437000,,,,,,,,
ETH,Gas,3.724875000,0.156897000,0.002457000,,,,,,,,
ETH,Imp_biomass,1.520808000,0.276782400,0.000000000,,,,,,,,
ETH,Imp_charcoal,5.846121255,2.591717346,0.106470000,,,,,,,,
ETH,Kerosene,3.436973230,0.136712566,0.001655199,,,,,,,,
ETH,Pellets,0.000000000,0.046204960,0.007098000,,,,,,,,
GAB,biogas,0.000000000,1.817949000,0.025935000,,,,,,,,
GAB,Biomass,1.520808000,0.250776000,0.000000000,,,,,,,,
GAB,Charcoal,5.846121255,2.348200280,0.106470000,,,,,,,,
GAB,Coal,2.023271360,0.247963654,0.000000000,,,,,,,,
GAB,Electricity,0.680971624,0.000000000,0.000000000,,,,,,,,
GAB,Ethanol,0.000000000,0.491610600,0.346437000,,,,,,,,
GAB,Gas,3.724875000,0.156897000,0.002457000,,,,,,,,
GAB,Imp_biomass,1.520808000,0.276782400,0.000000000,,,,,,,,
GAB,Imp_charcoal,5.846121255,2.591717346,0.106470000,,,,,,,,
GAB,Kerosene,3.436973230,0.136712566,0.001655199,,,,,,,,
GAB,Pellets,0.000000000,0.046204960,0.007098000,,,,,,,,
GHA,biogas,0.000000000,1.817949000,0.025935000,,,,,,,,
GHA,Biomass,1.520808000,0.250776000,0.000000000,,,,,,,,
GHA,Charcoal,5.846121255,2.348200280,0.106470000,,,,,,,,
GHA,Coal,2.023271360,0.247963654,0.000000000,,,,,,,,
GHA,Electricity,0.338325434,0.014933643,0.000676513,,,,,,,,
GHA,Ethanol,0.000000000,0.491610600,0.346437000,,,,,,,,
GHA,Gas,3.724875000,0.156897000,0.002457000,,,,,,,,
GHA,Imp_biomass,1.520808000,0.276782400,0.000000000,,,,,,,,
GHA,Imp_charcoal,5.846121255,2.591717346,0.106470000,,,,,,,,
GHA,Kerosene,3.436973230,0.136712566,0.001655199,,,,,,,,
GHA,Pellets,0.000000000,0.046204960,0.007098000,,,,,,,,
GIN,biogas,0.000000000,1.817949000,0.025935000,,,,,,,,
GIN,Biomass,1.520808000,0.250776000,0.000000000,,,,,,,,
GIN,Charcoal,5.846121255,2.348200280,0.106470000,,,,,,,,
GIN,Coal,2.023271360,0.247963654,0.000000000,,,,,,,,
GIN,Electricity,0.513508522,0.020819527,0.001324384,,,,,,,,
GIN,Ethanol,0.000000000,0.491610600,0.346437000,,,,,,,,
GIN,Gas,3.724875000,0.156897000,0.002457000,,,,,,,,
GIN,Imp_biomass,1.520808000,0.276782400,0.000000000,,,,,,,,
GIN,Imp_charcoal,5.846121255,2.591717346,0.106470000,,,,,,,,
GIN,Kerosene,3.436973230,0.136712566,0.001655199,,,,,,,,
GIN,Pellets,0.000000000,0.046204960,0.007098000,,,,,,,,
GMB,biogas,0.000000000,1.817949000,0.025935000,,,,,,,,
GMB,Biomass,1.520808000,0.250776000,0.000000000,,,,,,,,
GMB,Charcoal,5.846121255,2.348200280,0.106470000,,,,,,,,
GMB,Coal,2.023271360,0.247963654,0.000000000,,,,,,,,
GMB,Electricity,0.660358347,0.020819527,0.001324384,,,,,,,,
GMB,Ethanol,0.000000000,0.491610600,0.346437000,,,,,,,,
GMB,Gas,3.724875000,0.156897000,0.002457000,,,,,,,,
GMB,Imp_biomass,1.520808000,0.276782400,0.000000000,,,,,,,,
GMB,Imp_charcoal,5.846121255,2.591717346,0.106470000,,,,,,,,
GMB,Kerosene,3.436973230,0.136712566,0.001655199,,,,,,,,
GMB,Pellets,0.000000000,0.046204960,0.007098000,,,,,,,,
GNB,biogas,0.000000000,1.817949000,0.025935000,,,,,,,,
GNB,Biomass,1.520808000,0.250776000,0.000000000,,,,,,,,
GNB,Charcoal,5.846121255,2.348200280,0.106470000,,,,,,,,
GNB,Coal,2.023271360,0.247963654,0.000000000,,,,,,,,
GNB,Electricity,0.644996826,0.020819527,0.001324384,,,,,,,,
GNB,Ethanol,0.000000000,0.491610600,0.346437000,,,,,,,,
GNB,Gas,3.724875000,0.156897000,0.002457000,,,,,,,,
GNB,Imp_biomass,1.520808000,0.276782400,0.000000000,,,,,,,,
GNB,Imp_charcoal,5.846121255,2.591717346,0.106470000,,,,,,,,
GNB,Kerosene,3.436973230,0.136712566,0.001655199,,,,,,,,
GNB,Pellets,0.000000000,0.046204960,0.007098000,,,,,,,,
GNQ,biogas,0.000000000,1.817949000,0.025935000,,,,,,,,
GNQ,Biomass,1.520808000,0.250776000,0.000000000,,,,,,,,
GNQ,Charcoal,5.846121255,2.348200280,0.106470000,,,,,,,,
GNQ,Coal,2.023271360,0.247963654,0.000000000,,,,,,,,
GNQ,Electricity,0.403544909,0.000000000,0.000000000,,,,,,,,
GNQ,Ethanol,0.000000000,0.491610600,0.346437000,,,,,,,,
GNQ,Gas,3.724875000,0.156897000,0.002457000,,,,,,,,
GNQ,Imp_biomass,1.520808000,0.276782400,0.000000000,,,,,,,,
GNQ,Imp_charcoal,5.846121255,2.591717346,0.106470000,,,,,,,,
GNQ,Kerosene,3.436973230,0.136712566,0.001655199,,,,,,,,
GNQ,Pellets,0.000000000,0.046204960,0.007098000,,,,,,,,
GTM,biogas,0.000000000,1.817949000,0.025935000,,,,,,,,
GTM,Biomass,1.520808000,0.250776000,0.000000000,,,,,,,,
GTM,Charcoal,5.846121255,2.348200280,0.106470000,,,,,,,,
GTM,Coal,2.023271360,0.247963654,0.000000000,,,,,,,,
GTM,Electricity,0.467501660,0.023096743,0.001753458,,,,,,,,
GTM,Ethanol,0.000000000,0.491610600,0.346437000,,,,,,,,
GTM,Gas,3.724875000,0.156897000,0.002457000,,,,,,,,
GTM,Imp_biomass,1.520808000,0.276782400,0.000000000,,,,,,,,
GTM,Imp_charcoal,5.846121255,2.591717346,0.106470000,,,,,,,,
GTM,Kerosene,3.436973230,0.136712566,0.001655199,,,,,,,,
GTM,Pellets,0.000000000,0.046204960,0.007098000,,,,,,,,
HND,biogas,0.000000000,1.817949000,0.025935000,,,,,,,,
HND,Biomass,1.520808000,0.250776000,0.000000000,,,,,,,,
HND,Charcoal,5.846121255,2.348200280,0.106470000,,,,,,,,
HND,Coal,2.023271360,0.247963654,0.000000000,,,,,,,,
HND,Electricity,0.484575648,0.020552154,0.001291749,,,,,,,,
HND,Ethanol,0.000000000,0.491610600,0.346437000,,,,,,,,
HND,Gas,3.724875000,0.156897000,0.002457000,,,,,,,,
HND,Imp_biomass,1.520808000,0.276782400,0.000000000,,,,,,,,
HND,Imp_charcoal,5.846121255,2.591717346,0.106470000,,,,,,,,
HND,Kerosene,3.436973230,0.136712566,0.001655199,,,,,,,,
HND,Pellets,0.000000000,0.046204960,0.007098000,,,,,,,,
HTI,biogas,0.000000000,1.817949000,0.025935000,,,,,,,,
HTI,Biomass,1.520808000,0.250776000,0.000000000,,,,,,,,
HTI,Charcoal,5.846121255,2.348200280,0.106470000,,,,,,,,
HTI,Coal,2.023271360,0.247963654,0.000000000,,,,,,,,
HTI,Electricity,1.224269475,0.032019612,0.001987945,,,,,,,,
HTI,Ethanol,0.000000000,0.491610600,0.346437000,,,,,,,,
HTI,Gas,3.724875000,0.156897000,0.002457000,,,,,,,,
HTI,Imp_biomass,1.520808000,0.276782400,0.000000000,,,,,,,,
HTI,Imp_charcoal,5.846121255,2.591717346,0.106470000,,,,,,,,
HTI,Kerosene,3.436973230,0.136712566,0.001655199,,,,,,,,
HTI,Pellets,0.000000000,0.046204960,0.007098000,,,,,,,,
IDN,biogas,0.000000000,1.817949000,0.025935000,,,,,,,,
IDN,Biomass,1.520808000,0.250776000,0.000000000,,,,,,,,
IDN,Charcoal,5.846121255,2.348200280,0.106470000,,,,,,,,
IDN,Coal,2.023271360,0.247963654,0.000000000,,,,,,,,
IDN,Electricity,0.737910986,0.056264070,0.004163587,,,,,,,,
IDN,Ethanol,0.000000000,0.491610600,0.346437000,,,,,,,,
IDN,Gas,3.724875000,0.156897000,0.002457000,,,,,,,,
IDN,Imp_biomass,1.520808000,0.276782400,0.000000000,,,,,,,,
IDN,Imp_charcoal,5.846121255,2.591717346,0.106470000,,,,,,,,
IDN,Kerosene,3.436973230,0.136712566,0.001655199,,,,,,,,
IDN,Pellets,0.000000000,0.046204960,0.007098000,,,,,,,,
IND,biogas,0.000000000,1.817949000,0.025935000,,,,,,,,
IND,Biomass,1.520808000,0.250776000,0.000000000,,,,,,,,
IND,Charcoal,5.846121255,2.348200280,0.106470000,,,,,,,,
IND,Coal,2.023271360,0.247963654,0.000000000,,,,,,,,
IND,Electricity,0.725169479,0.061449159,0.004908307,,,,,,,,
IND,Ethanol,0.000000000,0.491610600,0.346437000,,,,,,,,
IND,Gas,3.724875000,0.156897000,0.002457000,,,,,,,,
IND,Imp_biomass,1.520808000,0.276782400,0.000000000,,,,,,,,
IND,Imp_charcoal,5.846121255,2.591717346,0.106470000,,,,,,,,
IND,Kerosene,3.436973230,0.136712566,0.001655199,,,,,,,,
IND,Pellets,0.000000000,0.046204960,0.007098000,,,,,,,,
KAZ,biogas,0.000000000,1.817949000,0.025935000,,,,,,,,
KAZ,Biomass,1.520808000,0.250776000,0.000000000,,,,,,,,
KAZ,Charcoal,5.846121255,2.348200280,0.106470000,,,,,,,,
KAZ,Coal,2.023271360,0.247963654,0.000000000,,,,,,,,
KAZ,Electricity,0.568091289,0.000000000,0.000000000,,,,,,,,
KAZ,Ethanol,0.000000000,0.491610600,0.346437000,,,,,,,,
KAZ,Gas,3.724875000,0.156897000,0.002457000,,,,,,,,
KAZ,Imp_biomass,1.520808000,0.276782400,0.000000000,,,,,,,,
KAZ,Imp_charcoal,5.846121255,2.591717346,0.106470000,,,,,,,,
KAZ,Kerosene,3.436973230,0.136712566,0.001655199,,,,,,,,
KAZ,Pellets,0.000000000,0.046204960,0.007098000,,,,,,,,
KEN,biogas,0.000000000,1.817949000,0.025935000,,,,,,,,
KEN,Biomass,1.520808000,0.250776000,0.000000000,,,,,,,,
KEN,Charcoal,5.846121255,2.348200280,0.106470000,,,,,,,,
KEN,Coal,2.023271360,0.247963654,0.000000000,,,,,,,,
KEN,Electricity,0.322396868,0.004365607,0.000271522,,,,,,,,
KEN,Ethanol,0.000000000,0.491610600,0.346437000,,,,,,,,
KEN,Gas,3.724875000,0.156897000,0.002457000,,,,,,,,
KEN,Imp_biomass,1.520808000,0.276782400,0.000000000,,,,,,,,
KEN,Imp_charcoal,5.846121255,2.591717346,0.106470000,,,,,,,,
KEN,Kerosene,3.436973230,0.136712566,0.001655199,,,,,,,,
KEN,Pellets,0.000000000,0.046204960,0.007098000,,,,,,,,
KGZ,biogas,0.000000000,1.817949000,0.025935000,,,,,,,,
KGZ,Biomass,1.520808000,0.250776000,0.000000000,,,,,,,,
KGZ,Charcoal,5.846121255,2.348200280,0.106470000,,,,,,,,
KGZ,Coal,2.023271360,0.247963654,0.000000000,,,,,,,,
KGZ,Electricity,0.120910519,0.010996957,0.000872796,,,,,,,,
KGZ,Ethanol,0.000000000,0.491610600,0.346437000,,,,,,,,
KGZ,Gas,3.724875000,0.156897000,0.002457000,,,,,,,,
KGZ,Imp_biomass,1.520808000,0.276782400,0.000000000,,,,,,,,
KGZ,Imp_charcoal,5.846121255,2.591717346,0.106470000,,,,,,,,
KGZ,Kerosene,3.436973230,0.136712566,0.001655199,,,,,,,,
KGZ,Pellets,0.000000000,0.046204960,0.007098000,,,,,,,,
KHM,biogas,0.000000000,1.817949000,0.025935000,,,,,,,,
KHM,Biomass,1.520808000,0.250776000,0.000000000,,,,,,,,
KHM,Charcoal,5.846121255,2.348200280,0.106470000,,,,,,,,
KHM,Coal,2.023271360,0.247963654,0.000000000,,,,,,,,
KHM,Electricity,0.725446630,0.039729535,0.003190117,,,,,,,,
KHM,Ethanol,0.000000000,0.491610600,0.346437000,,,,,,,,
KHM,Gas,3.724875000,0.156897000,0.002457000,,,,,,,,
KHM,Imp_biomass,1.520808000,0.276782400,0.000000000,,,,,,,,
KHM,Imp_charcoal,5.846121255,2.591717346,0.106470000,,,,,,,,
KHM,Kerosene,3.436973230,0.136712566,0.001655199,,,,,,,,
KHM,Pellets,0.000000000,0.046204960,0.007098000,,,,,,,,
LAO,biogas,0.000000000,1.817949000,0.025935000,,,,,,,,
LAO,Biomass,1.520808000,0.250776000,0.000000000,,,,,,,,
LAO,Charcoal,5.846121255,2.348200280,0.106470000,,,,,,,,
LAO,Coal,2.023271360,0.247963654,0.000000000,,,,,,,,
LAO,Electricity,0.554561912,0.036844403,0.002557639,,,,,,,,
LAO,Ethanol,0.000000000,0.491610600,0.346437000,,,,,,,,
LAO,Gas,3.724875000,0.156897000,0.002457000,,,,,,,,
LAO,Imp_biomass,1.520808000,0.276782400,0.000000000,,,,,,,,
LAO,Imp_charcoal,5.846121255,2.591717346,0.106470000,,,,,,,,
LAO,Kerosene,3.436973230,0.136712566,0.001655199,,,,,,,,
LAO,Pellets,0.000000000,0.046204960,0.007098000,,,,,,,,
LBR,biogas,0.000000000,1.817949000,0.025935000,,,,,,,,
LBR,Biomass,1.520808000,0.250776000,0.000000000,,,,,,,,
LBR,Charcoal,5.846121255,2.348200280,0.106470000,,,,,,,,
LBR,Coal,2.023271360,0.247963654,0.000000000,,,,,,,,
LBR,Electricity,0.417813328,0.020819527,0.001324384,,,,,,,,
LBR,Ethanol,0.000000000,0.491610600,0.346437000,,,,,,,,
LBR,Gas,3.724875000,0.156897000,0.002457000,,,,,,,,
LBR,Imp_biomass,1.520808000,0.276782400,0.000000000,,,,,,,,
LBR,Imp_charcoal,5.846121255,2.591717346,0.106470000,,,,,,,,
LBR,Kerosene,3.436973230,0.136712566,0.001655199,,,,,,,,
LBR,Pellets,0.000000000,0.046204960,0.007098000,,,,,,,,
LKA,biogas,0.000000000,1.817949000,0.025935000,,,,,,,,
LKA,Biomass,1.520808000,0.250776000,0.000000000,,,,,,,,
LKA,Charcoal,5.846121255,2.348200280,0.106470000,,,,,,,,
LKA,Coal,2.023271360,0.247963654,0.000000000,,,,,,,,
LKA,Electricity,0.563743255,0.032620467,0.002529275,,,,,,,,
LKA,Ethanol,0.000000000,0.491610600,0.346437000,,,,,,,,
LKA,Gas,3.724875000,0.156897000,0.002457000,,,,,,,,
LKA,Imp_biomass,1.520808000,0.276782400,0.000000000,,,,,,,,
LKA,Imp_charcoal,5.846121255,2.591717346,0.106470000,,,,,,,,
LKA,Kerosene,3.436973230,0.136712566,0.001655199,,,,,,,,
LKA,Pellets,0.000000000,0.046204960,0.007098000,,,,,,,,
LSO,biogas,0.000000000,1.817949000,0.025935000,,,,,,,,
LSO,Biomass,1.520808000,0.250776000,0.000000000,,,,,,,,
LSO,Charcoal,5.846121255,2.348200280,0.106470000,,,,,,,,
LSO,Coal,2.023271360,0.247963654,0.000000000,,,,,,,,
LSO,Electricity,0.000000000,0.020819527,0.001324384,,,,,,,,
LSO,Ethanol,0.000000000,0.491610600,0.346437000,,,,,,,,
LSO,Gas,3.724875000,0.156897000,0.002457000,,,,,,,,
LSO,Imp_biomass,1.520808000,0.276782400,0.000000000,,,,,,,,
LSO,Imp_charcoal,5.846121255,2.591717346,0.106470000,,,,,,,,
LSO,Kerosene,3.436973230,0.136712566,0.001655199,,,,,,,,
LSO,Pellets,0.000000000,0.046204960,0.007098000,,,,,,,,
MDG,biogas,0.000000000,1.817949000,0.025935000,,,,,,,,
MDG,Biomass,1.520808000,0.250776000,0.000000000,,,,,,,,
MDG,Charcoal,5.846121255,2.348200280,0.106470000,,,,,,,,
MDG,Coal,2.023271360,0.247963654,0.000000000,,,,,,,,
MDG,Electricity,0.634029204,0.020819527,0.001324384,,,,,,,,
MDG,Ethanol,0.000000000,0.491610600,0.346437000,,,,,,,,
MDG,Gas,3.724875000,0.156897000,0.002457000,,,,,,,,
MDG,Imp_biomass,1.520808000,0.276782400,0.000000000,,,,,,,,
MDG,Imp_charcoal,5.846121255,2.591717346,0.106470000,,,,,,,,
MDG,Kerosene,3.436973230,0.136712566,0.001655199,,,,,,,,
MDG,Pellets,0.000000000,0.046204960,0.007098000,,,,,,,,
MDV,biogas,0.000000000,1.817949000,0.025935000,,,,,,,,
MDV,Biomass,1.520808000,0.250776000,0.000000000,,,,,,,,
MDV,Charcoal,5.846121255,2.348200280,0.106470000,,,,,,,,
MDV,Coal,2.023271360,0.247963654,0.000000000,,,,,,,,
MDV,Electricity,0.623251709,0.000000000,0.000000000,,,,,,,,
MDV,Ethanol,0.000000000,0.491610600,0.346437000,,,,,,,,
MDV,Gas,3.724875000,0.156897000,0.002457000,,,,,,,,
MDV,Imp_biomass,1.520808000,0.276782400,0.000000000,,,,,,,,
MDV,Imp_charcoal,5.846121255,2.591717346,0.106470000,,,,,,,,
MDV,Kerosene,3.436973230,0.136712566,0.001655199,,,,,,,,
MDV,Pellets,0.000000000,0.046204960,0.007098000,,,,,,,,
MEX,biogas,0.000000000,1.817949000,0.025935000,,,,,,,,
MEX,Biomass,1.520808000,0.250776000,0.000000000,,,,,,,,
MEX,Charcoal,5.846121255,2.348200280,0.106470000,,,,,,,,
MEX,Coal,2.023271360,0.247963654,0.000000000,,,,,,,,
MEX,Electricity,0.407639864,0.035037034,0.001950387,,,,,,,,
MEX,Ethanol,0.000000000,0.491610600,0.346437000,,,,,,,,
MEX,Gas,3.724875000,0.156897000,0.002457000,,,,,,,,
MEX,Imp_biomass,1.520808000,0.276782400,0.000000000,,,,,,,,
MEX,Imp_charcoal,5.846121255,2.591717346,0.106470000,,,,,,,,
MEX,Kerosene,3.436973230,0.136712566,0.001655199,,,,,,,,
MEX,Pellets,0.000000000,0.046204960,0.007098000,,,,,,,,
MLI,biogas,0.000000000,1.817949000,0.025935000,,,,,,,,
MLI,Biomass,1.520808000,0.250776000,0.000000000,,,,,,,,
MLI,Charcoal,5.846121255,2.348200280,0.106470000,,,,,,,,
MLI,Coal,2.023271360,0.247963654,0.000000000,,,,,,,,
MLI,Electricity,0.696560167,0.020819527,0.001324384,,,,,,,,
MLI,Ethanol,0.000000000,0.491610600,0.346437000,,,,,,,,
MLI,Gas,3.724875000,0.156897000,0.002457000,,,,,,,,
MLI,Imp_biomass,1.520808000,0.276782400,0.000000000,,,,,,,,
MLI,Imp_charcoal,5.846121255,2.591717346,0.106470000,,,,,,,,
MLI,Kerosene,3.436973230,0.136712566,0.001655199,,,,,,,,
MLI,Pellets,0.000000000,0.046204960,0.007098000,,,,,,,,
MNG,biogas,0.000000000,1.817949000,0.025935000,,,,,,,,
MNG,Biomass,1.520808000,0.250776000,0.000000000,,,,,,,,
MNG,Charcoal,5.846121255,2.348200280,0.106470000,,,,,,,,
MNG,Coal,2.023271360,0.247963654,0.000000000,,,,,,,,
MNG,Electricity,1.149746598,0.074082955,0.005984834,,,,,,,,
MNG,Ethanol,0.000000000,0.491610600,0.346437000,,,,,,,,
MNG,Gas,3.724875000,0.156897000,0.002457000,,,,,,,,
MNG,Imp_biomass,1.520808000,0.276782400,0.000000000,,,,,,,,
MNG,Imp_charcoal,5.846121255,2.591717346,0.106470000,,,,,,,,
MNG,Kerosene,3.436973230,0.136712566,0.001655199,,,,,,,,
MNG,Pellets,0.000000000,0.046204960,0.007098000,,,,,,,,
MOZ,biogas,0.000000000,1.817949000,0.025935000,,,,,,,,
MOZ,Biomass,1.520808000,0.250776000,0.000000000,,,,,,,,
MOZ,Charcoal,5.846121255,2.348200280,0.106470000,,,,,,,,
MOZ,Coal,2.023271360,0.247963654,0.000000000,,,,,,,,
MOZ,Electricity,0.127089302,0.005232997,0.000243019,,,,,,,,
MOZ,Ethanol,0.000000000,0.491610600,0.346437000,,,,,,,,
MOZ,Gas,3.724875000,0.156897000,0.002457000,,,,,,,,
MOZ,Imp_biomass,1.520808000,0.276782400,0.000000000,,,,,,,,
MOZ,Imp_charcoal,5.846121255,2.591717346,0.106470000,,,,,,,,
MOZ,Kerosene,3.436973230,0.136712566,0.001655199,,,,,,,,
MOZ,Pellets,0.000000000,0.046204960,0.007098000,,,,,,,,
MRT,biogas,0.000000000,1.817949000,0.025935000,,,,,,,,
MRT,Biomass,1.520808000,0.250776000,0.000000000,,,,,,,,
MRT,Charcoal,5.846121255,2.348200280,0.106470000,,,,,,,,
MRT,Coal,2.023271360,0.247963654,0.000000000,,,,,,,,
MRT,Electricity,0.573364940,0.020819527,0.001324384,,,,,,,,
MRT,Ethanol,0.000000000,0.491610600,0.346437000,,,,,,,,
MRT,Gas,3.724875000,0.156897000,0.002457000,,,,,,,,
MRT,Imp_biomass,1.520808000,0.276782400,0.000000000,,,,,,,,
MRT,Imp_charcoal,5.846121255,2.591717346,0.106470000,,,,,,,,
MRT,Kerosene,3.436973230,0.136712566,0.001655199,,,,,,,,
MRT,Pellets,0.000000000,0.046204960,0.007098000,,,,,,,,
MUS,biogas,0.000000000,1.817949000,0.025935000,,,,,,,,
MUS,Biomass,1.520808000,0.250776000,0.000000000,,,,,,,,
MUS,Charcoal,5.846121255,2.348200280,0.106470000,,,,,,,,
MUS,Coal,2.023271360,0.247963654,0.000000000,,,,,,,,
MUS,Electricity,0.576396888,0.000000000,0.000000000,,,,,,,,
MUS,Ethanol,0.000000000,0.491610600,0.346437000,,,,,,,,
MUS,Gas,3.724875000,0.156897000,0.002457000,,,,,,,,
MUS,Imp_biomass,1.520808000,0.276782400,0.000000000,,,,,,,,
MUS,Imp_charcoal,5.846121255,2.591717346,0.106470000,,,,,,,,
MUS,Kerosene,3.436973230,0.136712566,0.001655199,,,,,,,,
MUS,Pellets,0.000000000,0.046204960,0.007098000,,,,,,,,
MWI,biogas,0.000000000,1.817949000,0.025935000,,,,,,,,
MWI,Biomass,1.520808000,0.250776000,0.000000000,,,,,,,,
MWI,Charcoal,5.846121255,2.348200280,0.106470000,,,,,,,,
MWI,Coal,2.023271360,0.247963654,0.000000000,,,,,,,,
MWI,Electricity,0.271230208,0.020819527,0.001324384,,,,,,,,
MWI,Ethanol,0.000000000,0.491610600,0.346437000,,,,,,,,
MWI,Gas,3.724875000,0.156897000,0.002457000,,,,,,,,
MWI,Imp_biomass,1.520808000,0.276782400,0.000000000,,,,,,,,
MWI,Imp_charcoal,5.846121255,2.591717346,0.106470000,,,,,,,,
MWI,Kerosene,3.436973230,0.136712566,0.001655199,,,,,,,,
MWI,Pellets,0.000000000,0.046204960,0.007098000,,,,,,,,
MYS,biogas,0.000000000,1.817949000,0.025935000,,,,,,,,
MYS,Biomass,1.520808000,0.250776000,0.000000000,,,,,,,,
MYS,Charcoal,5.846121255,2.348200280,0.106470000,,,,,,,,
MYS,Coal,2.023271360,0.247963654,0.000000000,,,,,,,,
MYS,Electricity,0.461458146,0.000000000,0.000000000,,,,,,,,
MYS,Ethanol,0.000000000,0.491610600,0.346437000,,,,,,,,
MYS,Gas,3.724875000,0.156897000,0.002457000,,,,,,,,
MYS,Imp_biomass,1.520808000,0.276782400,0.000000000,,,,,,,,
MYS,Imp_charcoal,5.846121255,2.591717346,0.106470000,,,,,,,,
MYS,Kerosene,3.436973230,0.136712566,0.001655199,,,,,,,,
MYS,Pellets,0.000000000,0.046204960,0.007098000,,,,,,,,
NAM,biogas,0.000000000,1.817949000,0.025935000,,,,,,,,
NAM,Biomass,1.520808000,0.250776000,0.000000000,,,,,,,,
NAM,Charcoal,5.846121255,2.348200280,0.106470000,,,,,,,,
NAM,Coal,2.023271360,0.247963654,0.000000000,,,,,,,,
NAM,Electricity,0.188808851,0.001020495,0.000071399,,,,,,,,
NAM,Ethanol,0.000000000,0.491610600,0.346437000,,,,,,,,
NAM,Gas,3.724875000,0.156897000,0.002457000,,,,,,,,
NAM,Imp_biomass,1.520808000,0.276782400,0.000000000,,,,,,,,
NAM,Imp_charcoal,5.846121255,2.591717346,0.106470000,,,,,,,,
NAM,Kerosene,3.436973230,0.136712566,0.001655199,,,,,,,,
NAM,Pellets,0.000000000,0.046204960,0.007098000,,,,,,,,
NER,biogas,0.000000000,1.817949000,0.025935000,,,,,,,,
NER,Biomass,1.520808000,0.250776000,0.000000000,,,,,,,,
NER,Charcoal,5.846121255,2.348200280,0.106470000,,,,,,,,
NER,Coal,2.023271360,0.247963654,0.000000000,,,,,,,,
NER,Electricity,1.017697409,0.052646665,0.003890215,,,,,,,,
NER,Ethanol,0.000000000,0.491610600,0.346437000,,,,,,,,
NER,Gas,3.724875000,0.156897000,0.002457000,,,,,,,,
NER,Imp_biomass,1.520808000,0.276782400,0.000000000,,,,,,,,
NER,Imp_charcoal,5.846121255,2.591717346,0.106470000,,,,,,,,
NER,Kerosene,3.436973230,0.136712566,0.001655199,,,,,,,,
NER,Pellets,0.000000000,0.046204960,0.007098000,,,,,,,,
NGA,biogas,0.000000000,1.817949000,0.025935000,,,,,,,,
NGA,Biomass,1.520808000,0.250776000,0.000000000,,,,,,,,
NGA,Charcoal,5.846121255,2.348200280,0.106470000,,,,,,,,
NGA,Coal,2.023271360,0.247963654,0.000000000,,,,,,,,
NGA,Electricity,0.415194689,0.031399746,0.001420533,,,,,,,,
NGA,Ethanol,0.000000000,0.491610600,0.346437000,,,,,,,,
NGA,Gas,3.724875000,0.156897000,0.002457000,,,,,,,,
NGA,Imp_biomass,1.520808000,0.276782400,0.000000000,,,,,,,,
NGA,Imp_charcoal,5.846121255,2.591717346,0.106470000,,,,,,,,
NGA,Kerosene,3.436973230,0.136712566,0.001655199,,,,,,,,
NGA,Pellets,0.000000000,0.046204960,0.007098000,,,,,,,,
NIC,biogas,0.000000000,1.817949000,0.025935000,,,,,,,,
NIC,Biomass,1.520808000,0.250776000,0.000000000,,,,,,,,
NIC,Charcoal,5.846121255,2.348200280,0.106470000,,,,,,,,
NIC,Coal,2.023271360,0.247963654,0.000000000,,,,,,,,
NIC,Electricity,0.449445674,0.017383349,0.001079276,,,,,,,,
NIC,Ethanol,0.000000000,0.491610600,0.346437000,,,,,,,,
NIC,Gas,3.724875000,0.156897000,0.002457000,,,,,,,,
NIC,Imp_biomass,1.520808000,0.276782400,0.000000000,,,,,,,,
NIC,Imp_charcoal,5.846121255,2.591717346,0.106470000,,,,,,,,
NIC,Kerosene,3.436973230,0.136712566,0.001655199,,,,,,,,
NIC,Pellets,0.000000000,0.046204960,0.007098000,,,,,,,,
NPL,biogas,0.000000000,1.817949000,0.025935000,,,,,,,,
NPL,Biomass,1.520808000,0.250776000,0.000000000,,,,,,,,
NPL,Charcoal,5.846121255,2.348200280,0.106470000,,,,,,,,
NPL,Coal,2.023271360,0.247963654,0.000000000,,,,,,,,
NPL,Electricity,0.000008762,0.000052987,0.000004551,,,,,,,,
NPL,Ethanol,0.000000000,0.491610600,0.346437000,,,,,,,,
NPL,Gas,3.724875000,0.156897000,0.002457000,,,,,,,,
NPL,Imp_biomass,1.520808000,0.276782400,0.000000000,,,,,,,,
NPL,Imp_charcoal,5.846121255,2.591717346,0.106470000,,,,,,,,
NPL,Kerosene,3.436973230,0.136712566,0.001655199,,,,,,,,
NPL,Pellets,0.000000000,0.046204960,0.007098000,,,,,,,,
PAK,biogas,0.000000000,1.817949000,0.025935000,,,,,,,,
PAK,Biomass,1.520808000,0.250776000,0.000000000,,,,,,,,
PAK,Charcoal,5.846121255,2.348200280,0.106470000,,,,,,,,
PAK,Coal,2.023271360,0.247963654,0.000000000,,,,,,,,
PAK,Electricity,0.451656514,0.022948332,0.001260744,,,,,,,,
PAK,Ethanol,0.000000000,0.491610600,0.346437000,,,,,,,,
PAK,Gas,3.724875000,0.156897000,0.002457000,,,,,,,,
PAK,Imp_biomass,1.520808000,0.276782400,0.000000000,,,,,,,,
PAK,Imp_charcoal,5.846121255,2.591717346,0.106470000,,,,,,,,
PAK,Kerosene,3.436973230,0.136712566,0.001655199,,,,,,,,
PAK,Pellets,0.000000000,0.046204960,0.007098000,,,,,,,,
PAN,biogas,0.000000000,1.817949000,0.025935000,,,,,,,,
PAN,Biomass,1.520808000,0.250776000,0.000000000,,,,,,,,
PAN,Charcoal,5.846121255,2.348200280,0.106470000,,,,,,,,
PAN,Coal,2.023271360,0.247963654,0.000000000,,,,,,,,
PAN,Electricity,0.263277100,0.000000000,0.000000000,,,,,,,,
PAN,Ethanol,0.000000000,0.491610600,0.346437000,,,,,,,,
PAN,Gas,3.724875000,0.156897000,0.002457000,,,,,,,,
PAN,Imp_biomass,1.520808000,0.276782400,0.000000000,,,,,,,,
PAN,Imp_charcoal,5.846121255,2.591717346,0.106470000,,,,,,,,
PAN,Kerosene,3.436973230,0.136712566,0.001655199,,,,,,,,
PAN,Pellets,0.000000000,0.046204960,0.007098000,,,,,,,,
PER,biogas,0.000000000,1.817949000,0.025935000,,,,,,,,
PER,Biomass,1.520808000,0.250776000,0.000000000,,,,,,,,
PER,Charcoal,5.846121255,2.348200280,0.106470000,,,,,,,,
PER,Coal,2.023271360,0.247963654,0.000000000,,,,,,,,
PER,Electricity,0.279987890,0.018449396,0.000867334,,,,,,,,
PER,Ethanol,0.000000000,0.491610600,0.346437000,,,,,,,,
PER,Gas,3.724875000,0.156897000,0.002457000,,,,,,,,
PER,Imp_biomass,1.520808000,0.276782400,0.000000000,,,,,,,,
PER,Imp_charcoal,5.846121255,2.591717346,0.106470000,,,,,,,,
PER,Kerosene,3.436973230,0.136712566,0.001655199,,,,,,,,
PER,Pellets,0.000000000,0.046204960,0.007098000,,,,,,,,
PHL,biogas,0.000000000,1.817949000,0.025935000,,,,,,,,
PHL,Biomass,1.520808000,0.250776000,0.000000000,,,,,,,,
PHL,Charcoal,5.846121255,2.348200280,0.106470000,,,,,,,,
PHL,Coal,2.023271360,0.247963654,0.000000000,,,,,,,,
PHL,Electricity,0.574385521,0.046141581,0.003381609,,,,,,,,
PHL,Ethanol,0.000000000,0.491610600,0.346437000,,,,,,,,
PHL,Gas,3.724875000,0.156897000,0.002457000,,,,,,,,
PHL,Imp_biomass,1.520808000,0.276782400,0.000000000,,,,,,,,
PHL,Imp_charcoal,5.846121255,2.591717346,0.106470000,,,,,,,,
PHL,Kerosene,3.436973230,0.136712566,0.001655199,,,,,,,,
PHL,Pellets,0.000000000,0.046204960,0.007098000,,,,,,,,
PNG,biogas,0.000000000,1.817949000,0.025935000,,,,,,,,
PNG,Biomass,1.520808000,0.250776000,0.000000000,,,,,,,,
PNG,Charcoal,5.846121255,2.348200280,0.106470000,,,,,,,,
PNG,Coal,2.023271360,0.247963654,0.000000000,,,,,,,,
PNG,Electricity,0.315140710,0.036844403,0.002557639,,,,,,,,
PNG,Ethanol,0.000000000,0.491610600,0.346437000,,,,,,,,
PNG,Gas,3.724875000,0.156897000,0.002457000,,,,,,,,
PNG,Imp_biomass,1.520808000,0.276782400,0.000000000,,,,,,,,
PNG,Imp_charcoal,5.846121255,2.591717346,0.106470000,,,,,,,,
PNG,Kerosene,3.436973230,0.136712566,0.001655199,,,,,,,,
PNG,Pellets,0.000000000,0.046204960,0.007098000,,,,,,,,
PRY,biogas,0.000000000,1.817949000,0.025935000,,,,,,,,
PRY,Biomass,1.520808000,0.250776000,0.000000000,,,,,,,,
PRY,Charcoal,5.846121255,2.348200280,0.106470000,,,,,,,,
PRY,Coal,2.023271360,0.247963654,0.000000000,,,,,,,,
PRY,Electricity,0.000015493,0.000053716,0.000004598,,,,,,,,
PRY,Ethanol,0.000000000,0.491610600,0.346437000,,,,,,,,
PRY,Gas,3.724875000,0.156897000,0.002457000,,,,,,,,
PRY,Imp_biomass,1.520808000,0.276782400,0.000000000,,,,,,,,
PRY,Imp_charcoal,5.846121255,2.591717346,0.106470000,,,,,,,,
PRY,Kerosene,3.436973230,0.136712566,0.001655199,,,,,,,,
PRY,Pellets,0.000000000,0.046204960,0.007098000,,,,,,,,
RWA,biogas,0.000000000,1.817949000,0.025935000,,,,,,,,
RWA,Biomass,1.520808000,0.250776000,0.000000000,,,,,,,,
RWA,Charcoal,5.846121255,2.348200280,0.106470000,,,,,,,,
RWA,Coal,2.023271360,0.247963654,0.000000000,,,,,,,,
RWA,Electricity,0.464851827,0.025017610,0.001556595,,,,,,,,
RWA,Ethanol,0.000000000,0.491610600,0.346437000,,,,,,,,
RWA,Gas,3.724875000,0.156897000,0.002457000,,,,,,,,
RWA,Imp_biomass,1.520808000,0.276782400,0.000000000,,,,,,,,
RWA,Imp_charcoal,5.846121255,2.591717346,0.106470000,,,,,,,,
RWA,Kerosene,3.436973230,0.136712566,0.001655199,,,,,,,,
RWA,Pellets,0.000000000,0.046204960,0.007098000,,,,,,,,
SEN,biogas,0.000000000,1.817949000,0.025935000,,,,,,,,
SEN,Biomass,1.520808000,0.250776000,0.000000000,,,,,,,,
SEN,Charcoal,5.846121255,2.348200280,0.106470000,,,,,,,,
SEN,Coal,2.023271360,0.247963654,0.000000000,,,,,,,,
SEN,Electricity,0.740681933,0.030701902,0.001879166,,,,,,,,
SEN,Ethanol,0.000000000,0.491610600,0.346437000,,,,,,,,
SEN,Gas,3.724875000,0.156897000,0.002457000,,,,,,,,
SEN,Imp_biomass,1.520808000,0.276782400,0.000000000,,,,,,,,
SEN,Imp_charcoal,5.846121255,2.591717346,0.106470000,,,,,,,,
SEN,Kerosene,3.436973230,0.136712566,0.001655199,,,,,,,,
SEN,Pellets,0.000000000,0.046204960,0.007098000,,,,,,,,
SLE,biogas,0.000000000,1.817949000,0.025935000,,,,,,,,
SLE,Biomass,1.520808000,0.250776000,0.000000000,,,,,,,,
SLE,Charcoal,5.846121255,2.348200280,0.106470000,,,,,,,,
SLE,Coal,2.023271360,0.247963654,0.000000000,,,,,,,,
SLE,Electricity,0.274802895,0.020819527,0.001324384,,,,,,,,
SLE,Ethanol,0.000000000,0.491610600,0.346437000,,,,,,,,
SLE,Gas,3.724875000,0.156897000,0.002457000,,,,,,,,
SLE,Imp_biomass,1.520808000,0.276782400,0.000000000,,,,,,,,
SLE,Imp_charcoal,5.846121255,2.591717346,0.106470000,,,,,,,,
SLE,Kerosene,3.436973230,0.136712566,0.001655199,,,,,,,,
SLE,Pellets,0.000000000,0.046204960,0.007098000,,,,,,,,
SLV,biogas,0.000000000,1.817949000,0.025935000,,,,,,,,
SLV,Biomass,1.520808000,0.250776000,0.000000000,,,,,,,,
SLV,Charcoal,5.846121255,2.348200280,0.106470000,,,,,,,,
SLV,Coal,2.023271360,0.247963654,0.000000000,,,,,,,,
SLV,Electricity,0.305987693,0.000000000,0.000000000,,,,,,,,
SLV,Ethanol,0.000000000,0.491610600,0.346437000,,,,,,,,
SLV,Gas,3.724875000,0.156897000,0.002457000,,,,,,,,
SLV,Imp_biomass,1.520808000,0.276782400,0.000000000,,,,,,,,
SLV,Imp_charcoal,5.846121255,2.591717346,0.106470000,,,,,,,,
SLV,Kerosene,3.436973230,0.136712566,0.001655199,,,,,,,,
SLV,Pellets,0.000000000,0.046204960,0.007098000,,,,,,,,
STP,biogas,0.000000000,1.817949000,0.025935000,,,,,,,,
STP,Biomass,1.520808000,0.250776000,0.000000000,,,,,,,,
STP,Charcoal,5.846121255,2.348200280,0.106470000,,,,,,,,
STP,Coal,2.023271360,0.247963654,0.000000000,,,,,,,,
STP,Electricity,0.000000000,0.000000000,0.000000000,,,,,,,,
STP,Ethanol,0.000000000,0.491610600,0.346437000,,,,,,,,
STP,Gas,3.724875000,0.156897000,0.002457000,,,,,,,,
STP,Imp_biomass,1.520808000,0.276782400,0.000000000,,,,,,,,
STP,Imp_charcoal,5.846121255,2.591717346,0.106470000,,,,,,,,
STP,Kerosene,3.436973230,0.136712566,0.001655199,,,,,,,,
STP,Pellets,0.000000000,0.046204960,0.007098000,,,,,,,,
SWZ,biogas,0.000000000,1.817949000,0.025935000,,,,,,,,
SWZ,Biomass,1.520808000,0.250776000,0.000000000,,,,,,,,
SWZ,Charcoal,5.846121255,2.348200280,0.106470000,,,,,,,,
SWZ,Coal,2.023271360,0.247963654,0.000000000,,,,,,,,
SWZ,Electricity,0.000000000,0.000000000,0.000000000,,,,,,,,
SWZ,Ethanol,0.000000000,0.491610600,0.346437000,,,,,,,,
SWZ,Gas,3.724875000,0.156897000,0.002457000,,,,,,,,
SWZ,Imp_biomass,1.520808000,0.276782400,0.000000000,,,,,,,,
SWZ,Imp_charcoal,5.846121255,2.591717346,0.106470000,,,,,,,,
SWZ,Kerosene,3.436973230,0.136712566,0.001655199,,,,,,,,
SWZ,Pellets,0.000000000,0.046204960,0.007098000,,,,,,,,
TCD,biogas,0.000000000,1.817949000,0.025935000,,,,,,,,
TCD,Biomass,1.520808000,0.250776000,0.000000000,,,,,,,,
TCD,Charcoal,5.846121255,2.348200280,0.106470000,,,,,,,,
TCD,Coal,2.023271360,0.247963654,0.000000000,,,,,,,,
TCD,Electricity,0.649056124,0.020819527,0.001324384,,,,,,,,
TCD,Ethanol,0.000000000,0.491610600,0.346437000,,,,,,,,
TCD,Gas,3.724875000,0.156897000,0.002457000,,,,,,,,
TCD,Imp_biomass,1.520808000,0.276782400,0.000000000,,,,,,,,
TCD,Imp_charcoal,5.846121255,2.591717346,0.106470000,,,,,,,,
TCD,Kerosene,3.436973230,0.136712566,0.001655199,,,,,,,,
TCD,Pellets,0.000000000,0.046204960,0.007098000,,,,,,,,
TGO,biogas,0.000000000,1.817949000,0.025935000,,,,,,,,
TGO,Biomass,1.520808000,0.250776000,0.000000000,,,,,,,,
TGO,Charcoal,5.846121255,2.348200280,0.106470000,,,,,,,,
TGO,Coal,2.023271360,0.247963654,0.000000000,,,,,,,,
TGO,Electricity,1.020676729,0.008628769,0.000536566,,,,,,,,
TGO,Ethanol,0.000000000,0.491610600,0.346437000,,,,,,,,
TGO,Gas,3.724875000,0.156897000,0.002457000,,,,,,,,
TGO,Imp_biomass,1.520808000,0.276782400,0.000000000,,,,,,,,
TGO,Imp_charcoal,5.846121255,2.591717346,0.106470000,,,,,,,,
TGO,Kerosene,3.436973230,0.136712566,0.001655199,,,,,,,,
TGO,Pellets,0.000000000,0.046204960,0.007098000,,,,,,,,
THA,biogas,0.000000000,1.817949000,0.025935000,,,,,,,,
THA,Biomass,1.520808000,0.250776000,0.000000000,,,,,,,,
THA,Charcoal,5.846121255,2.348200280,0.106470000,,,,,,,,
THA,Coal,2.023271360,0.247963654,0.000000000,,,,,,,,
THA,Electricity,0.372144520,0.042846877,0.002488702,,,,,,,,
THA,Ethanol,0.000000000,0.491610600,0.346437000,,,,,,,,
THA,Gas,3.724875000,0.156897000,0.002457000,,,,,,,,
THA,Imp_biomass,1.520808000,0.276782400,0.000000000,,,,,,,,
THA,Imp_charcoal,5.846121255,2.591717346,0.106470000,,,,,,,,
THA,Kerosene,3.436973230,0.136712566,0.001655199,,,,,,,,
THA,Pellets,0.000000000,0.046204960,0.007098000,,,,,,,,
TJK,biogas,0.000000000,1.817949000,0.025935000,,,,,,,,
TJK,Biomass,1.520808000,0.250776000,0.000000000,,,,,,,,
TJK,Charcoal,5.846121255,2.348200280,0.106470000,,,,,,,,
TJK,Coal,2.023271360,0.247963654,0.000000000,,,,,,,,
TJK,Electricity,0.123724046,0.001247835,0.000101521,,,,,,,,
TJK,Ethanol,0.000000000,0.491610600,0.346437000,,,,,,,,
TJK,Gas,3.724875000,0.156897000,0.002457000,,,,,,,,
TJK,Imp_biomass,1.520808000,0.276782400,0.000000000,,,,,,,,
TJK,Imp_charcoal,5.846121255,2.591717346,0.106470000,,,,,,,,
TJK,Kerosene,3.436973230,0.136712566,0.001655199,,,,,,,,
TJK,Pellets,0.000000000,0.046204960,0.007098000,,,,,,,,
TKM,biogas,0.000000000,1.817949000,0.025935000,,,,,,,,
TKM,Biomass,1.520808000,0.250776000,0.000000000,,,,,,,,
TKM,Charcoal,5.846121255,2.348200280,0.106470000,,,,,,,,
TKM,Coal,2.023271360,0.247963654,0.000000000,,,,,,,,
TKM,Electricity,0.759980708,0.000000000,0.000000000,,,,,,,,
TKM,Ethanol,0.000000000,0.491610600,0.346437000,,,,,,,,
TKM,Gas,3.724875000,0.156897000,0.002457000,,,,,,,,
TKM,Imp_biomass,1.520808000,0.276782400,0.000000000,,,,,,,,
TKM,Imp_charcoal,5.846121255,2.591717346,0.106470000,,,,,,,,
TKM,Kerosene,3.436973230,0.136712566,0.001655199,,,,,,,,
TKM,Pellets,0.000000000,0.046204960,0.007098000,,,,,,,,
TLS,biogas,0.000000000,1.817949000,0.025935000,,,,,,,,
TLS,Biomass,1.520808000,0.250776000,0.000000000,,,,,,,,
TLS,Charcoal,5.846121255,2.348200280,0.106470000,,,,,,,,
TLS,Coal,2.023271360,0.247963654,0.000000000,,,,,,,,
TLS,Electricity,0.589213292,0.036844403,0.002557639,,,,,,,,
TLS,Ethanol,0.000000000,0.491610600,0.346437000,,,,,,,,
TLS,Gas,3.724875000,0.156897000,0.002457000,,,,,,,,
TLS,Imp_biomass,1.520808000,0.276782400,0.000000000,,,,,,,,
TLS,Imp_charcoal,5.846121255,2.591717346,0.106470000,,,,,,,,
TLS,Kerosene,3.436973230,0.136712566,0.001655199,,,,,,,,
TLS,Pellets,0.000000000,0.046204960,0.007098000,,,,,,,,
TZA,biogas,0.000000000,1.817949000,0.025935000,,,,,,,,
TZA,Biomass,1.520808000,0.250776000,0.000000000,,,,,,,,
TZA,Charcoal,5.846121255,2.348200280,0.106470000,,,,,,,,
TZA,Coal,2.023271360,0.247963654,0.000000000,,,,,,,,
TZA,Electricity,0.000000000,0.024500030,0.001237470,,,,,,,,
TZA,Ethanol,0.000000000,0.491610600,0.346437000,,,,,,,,
TZA,Gas,3.724875000,0.156897000,0.002457000,,,,,,,,
TZA,Imp_biomass,1.520808000,0.276782400,0.000000000,,,,,,,,
TZA,Imp_charcoal,5.846121255,2.591717346,0.106470000,,,,,,,,
TZA,Kerosene,3.436973230,0.136712566,0.001655199,,,,,,,,
TZA,Pellets,0.000000000,0.046204960,0.007098000,,,,,,,,
UGA,biogas,0.000000000,1.817949000,0.025935000,,,,,,,,
UGA,Biomass,1.520808000,0.250776000,0.000000000,,,,,,,,
UGA,Charcoal,5.846121255,2.348200280,0.106470000,,,,,,,,
UGA,Coal,2.023271360,0.247963654,0.000000000,,,,,,,,
UGA,Electricity,0.129454550,0.001812993,0.000113680,,,,,,,,
UGA,Ethanol,0.000000000,0.491610600,0.346437000,,,,,,,,
UGA,Gas,3.724875000,0.156897000,0.002457000,,,,,,,,
UGA,Imp_biomass,1.520808000,0.276782400,0.000000000,,,,,,,,
UGA,Imp_charcoal,5.846121255,2.591717346,0.106470000,,,,,,,,
UGA,Kerosene,3.436973230,0.136712566,0.001655199,,,,,,,,
UGA,Pellets,0.000000000,0.046204960,0.007098000,,,,,,,,
UZB,biogas,0.000000000,1.817949000,0.025935000,,,,,,,,
UZB,Biomass,1.520808000,0.250776000,0.000000000,,,,,,,,
UZB,Charcoal,5.846121255,2.348200280,0.106470000,,,,,,,,
UZB,Coal,2.023271360,0.247963654,0.000000000,,,,,,,,
UZB,Electricity,0.508575836,0.032080454,0.001567832,,,,,,,,
UZB,Ethanol,0.000000000,0.491610600,0.346437000,,,,,,,,
UZB,Gas,3.724875000,0.156897000,0.002457000,,,,,,,,
UZB,Imp_biomass,1.520808000,0.276782400,0.000000000,,,,,,,,
UZB,Imp_charcoal,5.846121255,2.591717346,0.106470000,,,,,,,,
UZB,Kerosene,3.436973230,0.136712566,0.001655199,,,,,,,,
UZB,Pellets,0.000000000,0.046204960,0.007098000,,,,,,,,
VNM,biogas,0.000000000,1.817949000,0.025935000,,,,,,,,
VNM,Biomass,1.520808000,0.250776000,0.000000000,,,,,,,,
VNM,Charcoal,5.846121255,2.348200280,0.106470000,,,,,,,,
VNM,Coal,2.023271360,0.247963654,0.000000000,,,,,,,,
VNM,Electricity,0.416172542,0.036090425,0.002468049,,,,,,,,
VNM,Ethanol,0.000000000,0.491610600,0.346437000,,,,,,,,
VNM,Gas,3.724875000,0.156897000,0.002457000,,,,,,,,
VNM,Imp_biomass,1.520808000,0.276782400,0.000000000,,,,,,,,
VNM,Imp_charcoal,5.846121255,2.591717346,0.106470000,,,,,,,,
VNM,Kerosene,3.436973230,0.136712566,0.001655199,,,,,,,,
VNM,Pellets,0.000000000,0.046204960,0.007098000,,,,,,,,
ZAF,biogas,0.000000000,1.817949000,0.025935000,,,,,,,,
ZAF,Biomass,1.520808000,0.250776000,0.000000000,,,,,,,,
ZAF,Charcoal,5.846121255,2.348200280,0.106470000,,,,,,,,
ZAF,Coal,2.023271360,0.247963654,0.000000000,,,,,,,,
ZAF,Electricity,0.851701220,0.072631197,0.005894214,,,,,,,,
ZAF,Ethanol,0.000000000,0.491610600,0.346437000,,,,,,,,
ZAF,Gas,3.724875000,0.156897000,0.002457000,,,,,,,,
ZAF,Imp_biomass,1.520808000,0.276782400,0.000000000,,,,,,,,
ZAF,Imp_charcoal,5.846121255,2.591717346,0.106470000,,,,,,,,
ZAF,Kerosene,3.436973230,0.136712566,0.001655199,,,,,,,,
ZAF,Pellets,0.000000000,0.046204960,0.007098000,,,,,,,,
ZMB,biogas,0.000000000,1.817949000,0.025935000,,,,,,,,
ZMB,Biomass,1.520808000,0.250776000,0.000000000,,,,,,,,
ZMB,Charcoal,5.846121255,2.348200280,0.106470000,,,,,,,,
ZMB,Coal,2.023271360,0.247963654,0.000000000,,,,,,,,
ZMB,Electricity,0.226460944,0.001097582,0.000069366,,,,,,,,
ZMB,Ethanol,0.000000000,0.491610600,0.346437000,,,,,,,,
ZMB,Gas,3.724875000,0.156897000,0.002457000,,,,,,,,
ZMB,Imp_biomass,1.520808000,0.276782400,0.000000000,,,,,,,,
ZMB,Imp_charcoal,5.846121255,2.591717346,0.106470000,,,,,,,,
ZMB,Kerosene,3.436973230,0.136712566,0.001655199,,,,,,,,
ZMB,Pellets,0.000000000,0.046204960,0.007098000,,,,,,,,
ZWE,biogas,0.000000000,1.817949000,0.025935000,,,,,,,,
ZWE,Biomass,1.520808000,0.250776000,0.000000000,,,,,,,,
ZWE,Charcoal,5.846121255,2.348200280,0.106470000,,,,,,,,
ZWE,Coal,2.023271360,0.247963654,0.000000000,,,,,,,,
ZWE,Electricity,1.024943196,0.036835325,0.002986380,,,,,,,,
ZWE,Ethanol,0.000000000,0.491610600,0.346437000,,,,,,,,
ZWE,Gas,3.724875000,0.156897000,0.002457000,,,,,,,,
ZWE,Imp_biomass,1.520808000,0.276782400,0.000000000,,,,,,,,
ZWE,Imp_charcoal,5.846121255,2.591717346,0.106470000,,,,,,,,
ZWE,Kerosene,3.436973230,0.136712566,0.001655199,,,,,,,,
ZWE,Pellets,0.000000000,0.046204960,0.007098000,,,,,,,,